,date,real_score,post_per_day
0,2018-01-01,0.19118673987686635,464
1,2018-01-02,0.4760365233199405,594
2,2018-01-03,0.6890648658080398,620
3,2018-01-04,-0.14415515298827095,629
4,2018-01-05,0.19794808192192204,686
5,2018-01-06,0.1325615280055356,558
6,2018-01-07,0.3175202774219826,483
7,2018-01-08,0.4228339237177358,619
8,2018-01-09,0.216006098072166,648
9,2018-01-10,0.6254594250040633,634
10,2018-01-11,0.21579975319080422,711
11,2018-01-12,0.006356480633816146,597
12,2018-01-13,0.05510021600188042,478
13,2018-01-14,0.14751458667402748,400
14,2018-01-15,0.5613684352130106,511
15,2018-01-16,-0.05186949020484351,1000
16,2018-01-17,-0.13362720711320616,970
17,2018-01-18,0.4042937178084779,628
18,2018-01-19,-0.004552589468536625,551
19,2018-01-20,0.3343543961252037,476
20,2018-01-21,0.48019013264390803,407
21,2018-01-22,0.2235423487132777,595
22,2018-01-23,0.3385033702126596,611
23,2018-01-24,0.3871179675021447,577
24,2018-01-25,0.33171747361504755,543
25,2018-01-26,0.3133436358252237,507
26,2018-01-27,0.21564864988919277,376
27,2018-01-28,0.5326867622459895,366
28,2018-01-29,0.4774630757043678,460
29,2018-01-30,-0.060436606888554,602
30,2018-01-31,0.3999823416382734,604
31,2018-02-01,0.05860263151837263,808
32,2018-02-02,0.2915276031602513,761
33,2018-02-03,0.3007654788839908,330
34,2018-02-04,0.5718702534499344,408
35,2018-02-05,0.06890859693119059,621
36,2018-02-06,0.36946084336325097,563
37,2018-02-07,0.1875595893956683,466
38,2018-02-08,0.2661063808616984,499
39,2018-02-09,0.6191347691639033,427
40,2018-02-10,0.4614517854868524,363
41,2018-02-11,0.53206246053731,326
42,2018-02-12,0.12106407478048994,375
43,2018-02-13,0.374704667000641,409
44,2018-02-14,0.3445749471909969,430
45,2018-02-15,-0.1522498888588847,433
46,2018-02-16,0.41823567604896766,317
47,2018-02-17,0.21349940486460425,322
48,2018-02-18,0.379799161394174,326
49,2018-02-19,0.1617185774749304,337
50,2018-02-20,0.49326444482923454,411
51,2018-02-21,-0.001431825496693478,395
52,2018-02-22,0.04213981169562966,368
53,2018-02-23,0.45195198184565494,361
54,2018-02-26,0.4441476120723514,347
55,2018-02-27,0.5160570603480442,341
56,2018-02-28,0.43772440801852597,369
57,2018-03-01,0.025945602020207983,334
58,2018-03-02,0.24925150981276845,350
59,2018-03-03,0.034912186990397207,233
60,2018-03-04,0.763628080077962,189
61,2018-03-05,0.6380867695869388,331
62,2018-03-06,0.5335614118824893,344
63,2018-03-07,0.4481280604360788,357
64,2018-03-08,0.22843314855303987,372
65,2018-03-09,0.4710647751164936,412
66,2018-03-11,0.4623371428075219,223
67,2018-03-12,0.4236024841426653,350
68,2018-03-13,0.6570812140002557,305
69,2018-03-14,0.6621867016879321,385
70,2018-03-15,0.3431050039981974,369
71,2018-03-16,0.49288773407323133,306
72,2018-03-17,0.6852921103715403,221
73,2018-03-18,0.15031047064229983,282
74,2018-03-19,0.6013386454874834,307
75,2018-03-20,0.5336945129037732,360
76,2018-03-21,0.4404854626103021,351
77,2018-03-22,0.430400345869328,293
78,2018-03-23,0.3155826144218445,307
79,2018-03-24,0.6588481639712918,227
80,2018-03-25,0.26623599034983936,191
81,2018-03-26,0.4392579008485669,269
82,2018-03-27,0.6822262356969602,274
83,2018-03-28,0.6293005514815151,295
84,2018-03-29,0.4283046662807465,315
85,2018-03-30,0.254851709684016,380
86,2018-03-31,0.5178547890925366,276
87,2018-04-02,0.3315926487792493,260
88,2018-04-03,0.5820753445612429,318
89,2018-04-04,0.18652519540353255,300
90,2018-04-05,0.36917757754689795,294
91,2018-04-06,0.35032014920629007,323
92,2018-04-07,0.7147559916664814,199
93,2018-04-08,0.3598641094594899,249
94,2018-04-09,0.3468314237031505,281
95,2018-04-10,0.17688348793472106,255
96,2018-04-11,0.6053176692643091,281
97,2018-04-12,0.44342701990746375,333
98,2018-04-13,0.47580828714530204,324
99,2018-04-14,0.49577759785562675,199
100,2018-04-15,0.6951907179051539,205
101,2018-04-16,0.5912555579655266,274
102,2018-04-17,-0.07171486783994979,287
103,2018-04-18,0.7113386533013869,260
104,2018-04-19,0.3728075368399686,259
105,2018-04-20,0.6457015386874716,277
106,2018-04-21,0.5489673724762556,205
107,2018-04-22,0.7607094183471632,180
108,2018-04-23,0.3295816855175505,366
109,2018-04-24,0.5289024443697411,439
110,2018-04-25,0.5850235324464637,341
111,2018-04-26,0.47749686038871697,378
112,2018-04-27,0.42815882680208794,348
113,2018-04-28,0.718555394070019,219
114,2018-04-29,0.32573671039997365,247
115,2018-04-30,0.541449518657866,270
116,2018-05-01,0.4935686711318985,288
117,2018-05-02,0.6305681862329182,317
118,2018-05-03,0.4029256239976033,301
119,2018-05-04,0.7333930696540636,313
120,2018-05-05,0.5597056318806017,278
121,2018-05-06,0.24565825278526524,221
122,2018-05-07,0.4284925024176753,279
123,2018-05-08,0.43119096241569876,336
124,2018-05-09,0.25728537278845454,360
125,2018-05-10,0.4847557858274637,283
126,2018-05-11,0.42963198722786455,356
127,2018-05-12,0.560255599465776,215
128,2018-05-13,0.3064152584551659,192
129,2018-05-15,0.5699172513484955,278
130,2018-05-16,0.6999602640474828,308
131,2018-05-17,0.5276690609285523,302
132,2018-05-18,0.5376766625170907,255
133,2018-05-19,0.6279055424175173,160
134,2018-05-20,0.5690408293157816,151
135,2018-05-21,0.37324573764434227,254
136,2018-05-22,0.769796786893843,301
137,2018-05-23,0.37717044168664504,315
138,2018-05-24,0.4421910195922375,309
139,2018-05-25,0.49857988268942444,253
140,2018-05-26,0.7749959872693432,166
141,2018-05-27,0.4093592753012975,169
142,2018-05-30,0.5064661653101946,279
143,2018-05-31,0.6177348207309048,247
144,2018-06-01,0.6148032638633135,239
145,2018-06-02,0.7292332823778181,188
146,2018-06-03,0.510156965853444,165
147,2018-06-04,0.6301091037317011,244
148,2018-06-05,0.6782210128647941,227
149,2018-06-06,0.644997602611844,256
150,2018-06-08,0.12137777603561094,215
151,2018-06-09,0.6259591246760169,157
152,2018-06-11,0.5195663538769649,268
153,2018-06-12,0.48962982034787567,292
154,2018-06-13,0.66843761030008,300
155,2018-06-14,0.5166458927554849,265
156,2018-06-15,0.6100058328801131,222
157,2018-06-16,0.029326681708876704,161
158,2018-06-17,-0.11215174713718237,162
159,2018-06-18,0.6895513668035468,212
160,2018-06-19,0.5484932675217449,268
161,2018-06-20,0.5399189517143089,256
162,2018-06-21,0.5298838792249675,259
163,2018-06-22,0.4349787320074795,267
164,2018-06-24,0.6647147607258832,191
165,2018-06-25,0.40253068883735016,235
166,2018-06-26,-0.07637756258995776,254
167,2018-06-27,0.7263385265344574,272
168,2018-06-28,0.49282483455348525,244
169,2018-06-29,0.7030648861597054,269
170,2018-06-30,0.7103184510691358,244
171,2018-07-01,0.5937997267927442,154
172,2018-07-02,0.13086077304325688,277
173,2018-07-03,0.45138974438110996,276
174,2018-07-04,0.75019874781261,269
175,2018-07-05,0.5109091706219173,227
176,2018-07-06,0.5384238380016667,252
177,2018-07-07,0.6736983234749548,187
178,2018-07-08,0.7689924086693997,178
179,2018-07-09,0.4715028961499532,234
180,2018-07-10,0.7046336855814269,250
181,2018-07-11,0.8735675212567445,241
182,2018-07-12,0.5892389390911461,230
183,2018-07-13,0.6690836522107928,267
184,2018-07-14,0.06249758917114339,222
185,2018-07-15,0.6608386026446227,145
186,2018-07-16,0.642825352047619,238
187,2018-07-17,0.5918617830333481,327
188,2018-07-18,0.5235492921616521,288
189,2018-07-19,0.4643342559497187,307
190,2018-07-20,0.5779827650539099,248
191,2018-07-21,0.7042497283865883,181
192,2018-07-22,0.49121538913912244,204
193,2018-07-23,0.714316923437374,254
194,2018-07-24,0.6358748256837127,326
195,2018-07-25,0.48280943242948143,315
196,2018-07-26,0.5346611674770294,282
197,2018-07-27,-0.05018652542944877,284
198,2018-07-28,0.4896495857713174,188
199,2018-07-29,-0.004847524917289002,189
200,2018-07-30,0.3329776091947042,297
201,2018-07-31,0.6903286653440356,266
202,2018-08-01,0.5080980163613444,259
203,2018-08-02,0.3431945998652452,265
204,2018-08-03,0.5580992586660705,272
205,2018-08-04,0.3844798114821521,206
206,2018-08-05,-0.01277293374433237,169
207,2018-08-06,0.5377092851561193,236
208,2018-08-07,0.5342753580200813,251
209,2018-08-08,0.24502914787634558,293
210,2018-08-09,0.5186172466712309,316
211,2018-08-10,0.4607194393493567,360
212,2018-08-11,0.42123569761003765,288
213,2018-08-12,0.49551579166699006,211
214,2018-08-13,0.15090888919709605,289
215,2018-08-14,0.6896688541306389,343
216,2018-08-15,0.43285294469088725,291
217,2018-08-16,0.014211757949112983,251
218,2018-08-17,0.2439412852846475,230
219,2018-08-18,0.27946004636252103,196
220,2018-08-19,0.7012348643513427,143
221,2018-08-20,0.23064259052276612,252
222,2018-08-21,0.5663899773851447,256
223,2018-08-22,0.43992956074993167,294
224,2018-08-23,0.2664293673964229,256
225,2018-08-24,0.46700065075596675,227
226,2018-08-25,0.6109022042542426,184
227,2018-08-26,0.0335178852295704,174
228,2018-08-27,0.5732056181562148,255
229,2018-08-28,0.5795344838935338,269
230,2018-08-29,0.5297749789586611,254
231,2018-08-30,0.23153955894884412,271
232,2018-08-31,0.2962894358968627,240
233,2018-09-01,0.34019053104973623,173
234,2018-09-02,0.6014352253570411,150
235,2018-09-03,0.5984170793896855,237
236,2018-09-04,0.14333982381932311,256
237,2018-09-05,0.37420516027960665,296
238,2018-09-06,-0.21227743207064953,295
239,2018-09-07,0.43444157766908614,272
240,2018-09-08,0.4312086829575159,150
241,2018-09-09,0.20659940355810627,188
242,2018-09-10,0.3626053021588457,273
243,2018-09-11,-0.0773463800549507,239
244,2018-09-12,0.33061511578356345,239
245,2018-09-13,0.20026383836905795,211
246,2018-09-14,0.7085390633770398,210
247,2018-09-15,0.6791953259044223,212
248,2018-09-16,0.5440321345836068,137
249,2018-09-17,0.32163293862342834,205
250,2018-09-18,0.5105439633423207,220
251,2018-09-19,0.7360949597343388,227
252,2018-09-20,0.4440126453305038,235
253,2018-09-21,0.19534613344002183,279
254,2018-09-22,0.12649664730212767,194
255,2018-09-23,0.3181778959806453,146
256,2018-09-24,0.6864105539061214,205
257,2018-09-25,0.710120480794173,243
258,2018-09-26,0.35832806469665635,264
259,2018-09-27,0.4964269221816932,227
260,2018-09-28,0.6843296409693254,224
261,2018-09-29,0.26989635722390537,199
262,2018-09-30,0.6690972465867838,201
263,2018-10-01,0.7294252652618753,189
264,2018-10-05,0.43742496711421386,212
265,2018-10-06,0.44614087129784463,127
266,2018-10-07,0.6310692123286632,125
267,2018-10-08,0.5031704496253621,175
268,2018-10-09,0.41336255774322145,204
269,2018-10-10,0.39528677135060075,187
270,2018-10-11,0.2964516430344414,232
271,2018-10-12,0.8408180267363786,187
272,2018-10-13,0.626263229619889,132
273,2018-10-14,0.8271492814712859,162
274,2018-10-15,0.817524557188831,275
275,2018-10-16,0.8861830372111241,233
276,2018-10-17,0.8666180389379757,232
277,2018-10-18,0.4853430273706821,198
278,2018-10-19,0.5153354972086117,204
279,2018-10-20,0.8592966474076769,167
280,2018-10-21,0.31670500501228943,109
281,2018-10-22,0.7276284003121858,200
282,2018-10-23,0.8126149696510027,223
283,2018-10-24,0.872728635088526,185
284,2018-10-25,0.9260666442261921,170
285,2018-10-26,0.9364369577012807,183
286,2018-10-27,0.9272663818361249,155
287,2018-10-28,0.9009441816003748,125
288,2018-10-29,0.5501926591983936,204
289,2018-10-30,0.8464118940908401,213
290,2018-10-31,0.5736662819821348,247
291,2018-11-01,0.8256891800872639,241
292,2018-11-02,0.7012653205347689,170
293,2018-11-03,0.8899416425011375,145
294,2018-11-04,0.8600203432928822,141
295,2018-11-05,0.8282978540619478,172
296,2018-11-06,0.6730939946337597,220
297,2018-11-07,0.6305645509455048,203
298,2018-11-08,0.8496688012754445,177
299,2018-11-09,0.7236893590576098,188
300,2018-11-10,0.5509954532427801,121
301,2018-11-11,0.8640557164961931,131
302,2018-11-12,0.7647946090194174,201
303,2018-11-13,0.5165214121341706,190
304,2018-11-14,0.7775294924564804,263
305,2018-11-15,0.7297252371862486,275
306,2018-11-16,0.4640852087481892,228
307,2018-11-17,0.6352038481913576,175
308,2018-11-18,0.8897390831426709,138
309,2018-11-19,0.6977017767259341,284
310,2018-11-20,0.43092843890190125,408
311,2018-11-21,0.15251391263960393,287
312,2018-11-22,0.5893677483577873,205
313,2018-11-23,0.48421251208141997,246
314,2018-11-24,0.7602869005504826,208
315,2018-11-25,0.2477924387675886,351
316,2018-11-26,0.6838335132425571,298
317,2018-11-27,0.5833034072910344,282
318,2018-11-30,0.7269966099169347,196
319,2018-12-01,0.6630299251942382,165
320,2018-12-02,-0.045166351167219024,153
321,2018-12-03,0.6770831337100581,220
322,2018-12-04,0.836304850269247,258
323,2018-12-05,0.5570305719488138,193
324,2018-12-06,0.3301963311743874,219
325,2018-12-07,0.23070176015390415,279
326,2018-12-08,0.8363299682564038,159
327,2018-12-09,0.6614270829112152,134
328,2018-12-10,0.5591795618420168,221
329,2018-12-11,0.5476340296760641,207
330,2018-12-12,0.7174333680783753,195
331,2018-12-13,0.3761730849964468,203
332,2018-12-14,0.05841493788219634,198
333,2018-12-15,0.6379166852556892,152
334,2018-12-16,0.6348066573595479,165
335,2018-12-17,0.6318871280262093,224
336,2018-12-18,0.7963790366026,260
337,2018-12-19,0.46487183705230667,217
338,2018-12-20,-0.17685637772083282,192
339,2018-12-21,0.707136436873806,194
340,2018-12-22,0.6444217870206591,122
341,2018-12-23,0.9166070455275241,144
342,2018-12-24,0.7244735563966049,142
343,2018-12-25,0.15132540281315304,127
344,2018-12-26,0.5531470504006729,145
345,2018-12-27,0.5385730977756221,160
346,2018-12-28,0.8347304384555737,202
347,2018-12-29,0.8647422892816605,143
348,2018-12-30,0.6822771804822064,119
349,2018-12-31,0.7444665440344141,166
350,2019-01-01,0.5192991008023992,134
351,2019-01-04,0.5627833991327383,177
352,2019-01-05,0.8560232938946905,114
353,2019-01-06,0.6439019378756178,161
354,2019-01-07,0.6247385138989893,181
355,2019-01-08,0.5330369749656912,192
356,2019-01-10,0.6921416557368271,200
357,2019-01-11,0.43512866955456553,209
358,2019-01-12,0.5258832864645051,149
359,2019-01-13,0.24934690304291554,136
360,2019-01-14,0.8462243813404934,158
361,2019-01-15,0.6766216833372505,177
362,2019-01-16,0.8489644692077504,186
363,2019-01-17,0.8324427724990934,179
364,2019-01-18,0.8618405505825638,172
365,2019-01-20,0.9264811584315293,125
366,2019-01-21,0.7680799122425908,211
367,2019-01-22,0.6114150714874268,197
368,2019-01-23,0.5178505204730297,190
369,2019-01-24,0.5970331498046418,189
370,2019-01-25,0.1737736791934607,184
371,2019-01-26,0.8638239390809866,102
372,2019-01-27,0.2888887638372999,114
373,2019-01-28,0.46150911518370125,156
374,2019-01-29,0.7920885146653504,171
375,2019-01-30,0.7760435240876122,149
376,2019-01-31,0.7641417368312191,193
377,2019-02-01,0.7460228386687144,137
378,2019-02-02,0.46129848983850374,132
379,2019-02-03,0.7170316141584645,106
380,2019-02-04,0.3412418914031223,159
381,2019-02-05,0.6068555324619804,146
382,2019-02-06,0.465574878004362,182
383,2019-02-07,0.9048857970590475,183
384,2019-02-08,0.6016022520767731,173
385,2019-02-09,0.5467519509164911,112
386,2019-02-10,0.5486397099067277,133
387,2019-02-11,0.8408184624609294,200
388,2019-02-12,0.45467357263497427,178
389,2019-02-13,-0.007928665485805212,222
390,2019-02-14,0.8296209160541167,206
391,2019-02-15,0.31640766883633803,153
392,2019-02-16,0.6414834365651414,122
393,2019-02-17,0.6251025118399411,113
394,2019-02-18,0.5619565781492454,187
395,2019-02-19,0.5512580001770064,161
396,2019-02-20,0.7318646244795216,200
397,2019-02-21,0.7879675914732258,169
398,2019-02-22,0.39709123105355404,159
399,2019-02-23,0.6140131952697665,140
400,2019-02-24,0.7535741521585259,156
401,2019-02-25,0.3063014175468709,173
402,2019-02-26,0.620040210221103,170
403,2019-02-27,0.6863931461916132,156
404,2019-02-28,0.34415471368503076,155
405,2019-03-01,0.2699679403025427,140
406,2019-03-02,0.8143102129723163,99
407,2019-03-03,0.5321376986204539,140
408,2019-03-04,0.6665863462002674,179
409,2019-03-05,-0.07690478573432646,170
410,2019-03-06,0.5293696514167239,158
411,2019-03-07,0.24149240391800203,146
412,2019-03-08,0.4937186935020767,148
413,2019-03-09,0.7603455770569848,124
414,2019-03-10,0.16151968240737916,114
415,2019-03-11,0.6357253144575856,122
416,2019-03-12,0.4028544299145963,156
417,2019-03-13,0.8385325578427074,164
418,2019-03-14,-0.0968565757351893,156
419,2019-03-15,0.7428250909530492,146
420,2019-03-16,0.5225647779919157,93
421,2019-03-17,-0.15324890628997526,115
422,2019-03-18,0.5121590258195197,144
423,2019-03-19,0.6652117931842804,163
424,2019-03-20,0.7104289918222525,150
425,2019-03-21,0.6638033067186674,150
426,2019-03-22,0.20973389615883697,121
427,2019-03-23,0.1552288708270796,111
428,2019-03-24,0.9273638245092338,92
429,2019-03-25,0.5958958039424516,132
430,2019-03-26,0.473720562010304,143
431,2019-03-27,0.5595487006854661,119
432,2019-03-28,0.8033033179924478,129
433,2019-03-29,0.6986638830407806,143
434,2019-03-30,-0.16791369969817413,87
435,2019-04-03,0.6488990419585907,294
436,2019-04-04,0.36527085250197083,177
437,2019-04-05,0.3254101016194687,156
438,2019-04-06,0.2042964969189639,120
439,2019-04-07,0.7162394204170877,116
440,2019-04-08,0.37853290815524454,166
441,2019-04-09,0.5956682865188424,196
442,2019-04-10,0.643567266183741,182
443,2019-04-11,0.8925006453054292,168
444,2019-04-12,0.8482379353316665,160
445,2019-04-13,0.5509021568707642,106
446,2019-04-14,0.8341317226564757,82
447,2019-04-15,0.5897717793782552,161
448,2019-04-16,0.6064361137079906,158
449,2019-04-17,0.6794226940370688,156
450,2019-04-18,0.4446350488008237,161
451,2019-04-19,0.8428865700540408,139
452,2019-04-20,0.8432917050210644,119
453,2019-04-21,0.7072696840425707,87
454,2019-04-22,0.6027232775453888,138
455,2019-04-23,0.6989497186974709,176
456,2019-04-24,0.14046869429842385,148
457,2019-04-25,0.3218473837925837,155
458,2019-04-26,0.4902336657246618,165
459,2019-04-27,0.7778318690077606,107
460,2019-04-28,0.8035544252240813,113
461,2019-04-29,0.31774981703077043,146
462,2019-04-30,0.7571454583316721,166
463,2019-05-01,0.9015813529660596,147
464,2019-05-02,0.8380144347622321,167
465,2019-05-03,0.5055003761062546,170
466,2019-05-04,0.6487132534384727,134
467,2019-05-05,0.4268085419395824,112
468,2019-05-06,0.7115625891657102,146
469,2019-05-07,0.6346644152322581,156
470,2019-05-08,0.195200180378128,180
471,2019-05-09,0.2762689723551852,184
472,2019-05-10,-0.1949252514410808,196
473,2019-05-11,0.05638061744703663,265
474,2019-05-12,0.4278823925433043,225
475,2019-05-13,-0.17488992037091936,336
476,2019-05-14,0.8151013271078226,296
477,2019-05-15,0.032741837829123925,211
478,2019-05-16,-0.01201619894792002,228
479,2019-05-17,0.1807279759395429,223
480,2019-05-18,0.21798895899351542,132
481,2019-05-19,0.39676289568913664,162
482,2019-05-20,0.8168960219798972,163
483,2019-05-21,-0.13162555498412892,191
484,2019-05-22,0.741668728927686,201
485,2019-05-23,0.6551065450551742,162
486,2019-05-24,0.4748543476133796,164
487,2019-05-25,0.6169082504582875,148
488,2019-05-26,0.86283174501871,170
489,2019-05-27,0.8126520419734833,241
490,2019-05-28,0.9012182393571371,225
491,2019-05-29,0.1292393524533967,204
492,2019-05-30,0.6465079693300773,271
493,2019-05-31,0.4094456898335794,192
494,2019-06-01,0.7655082635793917,134
495,2019-06-02,0.8745177149186129,144
496,2019-06-03,0.8926326590671874,151
497,2019-06-04,0.18200251962624345,200
498,2019-06-05,0.39791003504210726,161
499,2019-06-06,0.6675127364703434,149
500,2019-06-07,0.27721117116786814,165
501,2019-06-08,0.7704200561841329,118
502,2019-06-09,0.8686999098958686,106
503,2019-06-10,0.6711288524485963,158
504,2019-06-12,0.33791302411984175,145
505,2019-06-13,0.859241124873403,157
506,2019-06-14,0.9161878789396012,181
507,2019-06-15,0.5224922338956619,133
508,2019-06-16,0.6825544785715395,208
509,2019-06-17,0.4101913489867002,197
510,2019-06-18,0.7842331737985471,235
511,2019-06-20,0.7485207677721144,191
512,2019-06-21,-0.11158080425384237,318
513,2019-06-22,-0.5433747656558143,402
514,2019-06-25,0.47128002680649556,331
515,2019-06-26,0.10722665614511641,776
516,2019-06-27,0.07494074792747038,437
517,2019-06-28,0.8079593980791699,265
518,2019-06-29,0.7309983254219434,194
519,2019-06-30,0.44326040326364785,167
520,2019-07-01,0.1281966447056114,212
521,2019-07-02,0.597927718115325,229
522,2019-07-03,0.6967576229257157,242
523,2019-07-04,0.09381377055959882,212
524,2019-07-05,0.8528891518082418,175
525,2019-07-06,0.5218639443791102,130
526,2019-07-07,0.7962820316567031,150
527,2019-07-08,0.8067191758932617,243
528,2019-07-10,0.7051808386499232,298
529,2019-07-11,0.8020842799319854,220
530,2019-07-12,0.7886212669012748,287
531,2019-07-13,0.4987920317798853,182
532,2019-07-14,0.4902218619530851,143
533,2019-07-15,0.42331580230939825,259
534,2019-07-16,0.11526505372820109,244
535,2019-07-17,0.3771843916933301,293
536,2019-07-18,0.8023613811995555,255
537,2019-07-19,0.5667884152194865,221
538,2019-07-20,0.584273853515544,165
539,2019-07-21,0.8623858252945154,162
540,2019-07-22,0.3495284653668583,220
541,2019-07-23,0.36524244540944656,231
542,2019-07-24,0.47754229882481236,230
543,2019-07-25,-0.47673002300286804,218
544,2019-07-26,-0.06843386865869351,199
545,2019-07-27,0.19738281428548238,174
546,2019-07-28,-0.3673421309943183,168
547,2019-07-29,-0.1559946615267032,189
548,2019-07-30,-0.08942952188376582,214
549,2019-07-31,0.42816702313773475,216
550,2019-08-01,0.045014479029136106,205
551,2019-08-02,-0.5841821949971492,208
552,2019-08-03,0.14501406840437672,155
553,2019-08-04,0.03490079687976604,140
554,2019-08-05,-0.5746764248578337,268
555,2019-08-06,0.35782597880177514,237
556,2019-08-07,0.04591184396798426,210
557,2019-08-08,-0.2589260624888727,183
558,2019-08-09,-0.37703884642118485,224
559,2019-08-10,0.42598930903530996,161
560,2019-08-11,0.3714021780050388,158
561,2019-08-12,0.0051092010675297716,197
562,2019-08-13,0.10791768082893301,198
563,2019-08-14,-0.2537795675523353,223
564,2019-08-15,-0.3420930298475119,198
565,2019-08-16,-0.0760582053721477,190
566,2019-08-17,0.29424805249328967,145
567,2019-08-18,-0.6462470795895922,134
568,2019-08-19,0.16205235199494794,187
569,2019-08-20,-0.353968036612065,221
570,2019-08-21,-0.04739494638881462,152
571,2019-08-22,-0.2667782555192203,175
572,2019-08-23,-0.23176195220058987,179
573,2019-08-24,0.11793523839139562,136
574,2019-08-25,-0.6457346995877478,129
575,2019-08-26,0.3549984044637021,166
576,2019-08-27,0.1668205368254276,204
577,2019-08-28,-0.39344578572535943,200
578,2019-08-29,-0.5676199192214211,185
579,2019-08-30,-0.4737858908755756,165
580,2019-08-31,-0.16043566092096187,121
581,2019-09-01,0.11278797893367186,111
582,2019-09-02,-0.4967598081578679,155
583,2019-09-03,-0.2319032777777035,198
584,2019-09-04,-0.5166396700910159,181
585,2019-09-05,0.34173705393359777,171
586,2019-09-06,-0.17316152351992076,166
587,2019-09-07,-0.15335061941661082,109
588,2019-09-08,-0.6930647255471033,109
589,2019-09-09,-0.06622428508508188,150
590,2019-09-10,0.1106780045822088,185
591,2019-09-11,-0.5203116224244548,144
592,2019-09-12,-0.4437133309088254,149
593,2019-09-13,0.09464039716554519,144
594,2019-09-14,0.47434438142671165,142
595,2019-09-15,0.02173974876126839,126
596,2019-09-16,-0.39394665081075964,174
597,2019-09-17,-0.25365052063418864,162
598,2019-09-20,-0.43957965879054084,135
599,2019-09-21,-0.5766167818029317,115
600,2019-09-22,-0.38891276094099936,116
601,2019-09-23,-0.38715481837398336,162
602,2019-09-24,-0.4630796755292663,261
603,2019-09-25,-0.4034849582701999,224
604,2019-09-26,0.22075259722491944,212
605,2019-09-27,-0.6886348404289552,202
606,2019-09-28,-0.33107807793893107,108
607,2019-09-29,-0.34910127810306013,108
608,2019-09-30,0.5584056587009639,147
609,2019-10-01,-0.46881649434848977,139
610,2019-10-02,0.05577752285225447,119
611,2019-10-03,-0.3826032179846727,161
612,2019-10-04,0.5249296335827017,135
613,2019-10-05,0.3716286923240694,111
614,2019-10-06,-0.01870117044019752,111
615,2019-10-07,0.40971985074942635,158
616,2019-10-08,0.7860671236672208,141
617,2019-10-09,0.41061776305033154,168
618,2019-10-11,0.31874160592286094,141
619,2019-10-12,-0.39490054778283973,99
620,2019-10-13,0.39093043048072745,72
621,2019-10-14,0.3105126952770913,118
622,2019-10-15,-0.5133811968052818,162
623,2019-10-16,-0.5777288184539571,178
624,2019-10-17,-0.5547314011450463,135
625,2019-10-18,-0.5865741687861109,168
626,2019-10-19,0.16463814583537417,126
627,2019-10-21,0.030964146849777812,168
628,2019-10-22,-0.4917841575192037,150
629,2019-10-24,-0.6020342120787266,173
630,2019-10-25,-0.4100879486054499,216
631,2019-10-26,-0.4559139617783598,234
632,2019-10-27,-0.6118404923081396,144
633,2019-10-28,0.20503515496285826,172
634,2019-10-29,-0.6091389775506985,159
635,2019-10-30,-0.38572937591956075,165
636,2019-10-31,0.1721297298668645,159
637,2019-11-03,-0.10380840469076927,87
638,2019-11-04,0.008992613897179123,172
639,2019-11-05,-0.2194891832329169,169
640,2019-11-06,-0.24454505154974712,162
641,2019-11-07,0.364732645097233,144
642,2019-11-08,-0.39961654814133724,157
643,2019-11-09,0.29346151430657674,127
644,2019-11-10,-0.6470653321157293,108
645,2019-11-13,0.12055127988099004,161
646,2019-11-14,-0.6103488484293851,160
647,2019-11-15,-0.5482590034403607,184
648,2019-11-16,-0.5618544157314677,130
649,2019-11-17,-0.31503797643840026,132
650,2019-11-18,-0.4165649729485837,144
651,2019-11-19,0.1609702889411397,177
652,2019-11-20,-0.1581403452999132,162
653,2019-11-21,-0.29279228372951377,185
654,2019-11-22,-0.716222301434414,183
655,2019-11-23,0.37028573324650893,122
656,2019-11-24,-0.7502576049247168,123
657,2019-11-25,0.8292637477195802,200
658,2019-11-26,0.5916307719447945,137
659,2019-11-27,-0.30193262400903864,177
660,2019-11-28,0.14833815768086567,147
661,2019-11-29,-0.2879863267057928,169
662,2019-11-30,-0.3052699660104443,103
663,2019-12-01,-0.19164887853343074,108
664,2019-12-02,0.38525244882484416,177
665,2019-12-03,0.5539385566743321,168
666,2019-12-04,0.7507030932709228,161
667,2019-12-05,-0.42060448205111467,153
668,2019-12-06,-0.475035586303338,136
669,2019-12-07,0.5186073073721308,125
670,2019-12-08,0.30150202954256977,102
671,2019-12-09,0.7325645917589484,125
672,2019-12-10,0.5028267945998754,147
673,2019-12-11,0.7606065658714241,132
674,2019-12-12,0.47387050974125766,144
675,2019-12-13,0.18519844993443405,115
676,2019-12-14,-0.574511715092304,103
677,2019-12-15,-0.10831085682222324,103
678,2019-12-16,0.351086558004018,139
679,2019-12-17,0.6598748237175761,154
680,2019-12-18,0.5619981737619035,155
681,2019-12-19,0.2519502051082658,143
682,2019-12-20,0.028153622440532246,123
683,2019-12-23,0.475400407680604,141
684,2019-12-24,0.729726951186345,113
685,2019-12-25,0.8124572657031254,83
686,2019-12-26,0.6045276363167846,113
687,2019-12-27,0.6845473227570357,98
688,2019-12-28,-0.08056902899594885,115
689,2019-12-29,0.7356013850081119,91
690,2019-12-30,0.572025033100596,100
691,2019-12-31,0.39527522185535136,105
692,2020-01-01,0.16872602458891828,92
693,2020-01-02,0.5398486946935708,133
694,2020-01-03,0.7051923974277148,135
695,2020-01-04,0.15540421022427992,136
696,2020-01-05,0.12399165156943018,111
697,2020-01-06,-0.31522956787249745,121
698,2020-01-07,0.11746338495199357,171
699,2020-01-08,0.6484124478599835,194
700,2020-01-09,0.3565152061952127,113
701,2020-01-10,-0.2726918907040343,124
702,2020-01-11,0.8311651045337637,94
703,2020-01-12,0.5342527893201218,104
704,2020-01-13,0.4640437854700778,136
705,2020-01-14,0.32586669549345965,166
706,2020-01-15,0.7306186069201477,153
707,2020-01-16,0.3815351895566256,131
708,2020-01-17,0.25808096736196484,162
709,2020-01-18,0.5187985162886363,101
710,2020-01-19,0.7981120097158085,171
711,2020-01-20,0.8672720568748067,117
712,2020-01-21,0.7743452233978335,136
713,2020-01-22,0.7730560800104237,129
714,2020-01-23,0.6059721084002635,132
715,2020-01-24,0.7956322650181145,129
716,2020-01-25,-0.06718750932942266,99
717,2020-01-26,0.7025349050043375,115
718,2020-01-27,0.8110502038146679,127
719,2020-01-28,0.7798655942412903,133
720,2020-01-29,0.7093957379189405,146
721,2020-01-30,0.6460006135363244,148
722,2020-01-31,0.32351309061050415,144
723,2020-02-01,0.8141999353272046,92
724,2020-02-02,0.7181469950118992,122
725,2020-02-03,0.7338028204674162,143
726,2020-02-04,0.7309183902396468,119
727,2020-02-05,0.3919404483781072,159
728,2020-02-06,0.7205238459815442,151
729,2020-02-07,0.7232415477434794,151
730,2020-02-08,0.8640396254188768,128
731,2020-02-09,0.6177868025308104,177
732,2020-02-11,0.7017279594980609,180
733,2020-02-12,0.7600054740905762,161
734,2020-02-13,0.497272211403387,155
735,2020-02-14,0.21799878437100476,151
736,2020-02-15,0.07921451207173474,125
737,2020-02-16,0.6573176041956614,143
738,2020-02-17,0.19901741077733595,145
739,2020-02-18,0.7443009807729184,149
740,2020-02-19,0.812003801209194,137
741,2020-02-20,0.6767391559503806,158
742,2020-02-21,0.4397934694547911,132
743,2020-02-22,0.9050421755792948,115
744,2020-02-23,0.7200540614729168,119
745,2020-02-24,-0.06263644420183621,123
746,2020-02-25,0.5660869463993485,147
747,2020-02-26,0.6275074964153095,182
748,2020-02-27,0.5397414521167153,157
749,2020-02-28,0.6674772032569436,150
750,2020-02-29,0.4933779653979511,120
751,2020-03-01,0.7064579281865097,98
752,2020-03-02,0.6389196285612647,140
753,2020-03-03,0.27755304308962236,144
754,2020-03-04,0.5364560754629817,159
755,2020-03-05,-0.02322820162838274,153
756,2020-03-06,0.1251024291264061,119
757,2020-03-07,0.4383375773879246,122
758,2020-03-08,0.8218968385938483,117
759,2020-03-09,-0.12512337792332273,159
760,2020-03-10,0.41204942557789864,159
761,2020-03-11,0.3132976282384796,134
762,2020-03-12,-0.08393645174490041,378
763,2020-03-13,-0.1742215563218375,470
764,2020-03-14,0.12804576643818133,166
765,2020-03-15,0.37836799744173144,177
766,2020-03-17,-0.4533008908422216,193
767,2020-03-18,0.022188826189446682,184
768,2020-03-19,-0.32527538706383796,226
769,2020-03-20,-0.4201067271997784,179
770,2020-03-21,0.5394554565317856,158
771,2020-03-22,-0.3944338622012576,135
772,2020-03-23,0.07870493934500174,150
773,2020-03-24,0.021266687164991784,190
774,2020-03-25,0.19519910826219355,185
775,2020-03-26,0.029333974616696137,161
776,2020-03-27,0.45899278210120253,141
777,2020-03-28,0.226397459938171,136
778,2020-03-29,0.5862889062977992,125
779,2020-03-30,0.42375151342531914,176
780,2020-03-31,0.41802690239972945,167
781,2020-04-01,0.6430749719001386,157
782,2020-04-02,0.24006876083203627,144
783,2020-04-03,-0.354011451513239,146
784,2020-04-04,-0.4173588689129145,119
785,2020-04-05,-0.3468156786065588,129
786,2020-04-06,0.31481204221123144,146
787,2020-04-07,0.2753232252078768,139
788,2020-04-08,0.12004268491120341,121
789,2020-04-09,-0.22271267997168506,185
790,2020-04-10,-0.37432921779119716,157
791,2020-04-11,0.20618734393487093,135
792,2020-04-12,-0.2694664665946254,117
793,2020-04-13,0.45321247222184524,161
794,2020-04-14,-0.160951075467421,185
795,2020-04-15,-0.02308189295490343,154
796,2020-04-16,0.2719108280417956,187
797,2020-04-17,-0.35428294683256484,170
798,2020-04-18,0.5869797430030202,160
799,2020-04-19,-0.3420523675681585,148
800,2020-04-20,0.21817195302719994,185
801,2020-04-21,0.45991817955264247,166
802,2020-04-23,0.04137790474367201,193
803,2020-04-24,0.0010303012012729774,165
804,2020-04-25,0.29265112059795306,154
805,2020-04-26,0.8496148131195117,134
806,2020-04-27,0.11939505667318939,169
807,2020-04-29,-0.056840864923393845,239
808,2020-04-30,0.2500401340694011,278
809,2020-05-01,-0.13687880450941953,205
810,2020-05-02,0.21807348781685,195
811,2020-05-07,0.09586210566892937,333
812,2020-05-08,0.4562475956159573,324
813,2020-05-09,0.13531845118438215,218
814,2020-05-10,-0.1499563243078149,298
815,2020-05-11,0.3661704910518095,471
816,2020-05-12,0.31500725219702325,302
817,2020-05-13,0.3427272013255528,244
818,2020-05-14,0.28608751510019975,241
819,2020-05-15,0.724137408673606,244
820,2020-05-16,0.2545034463916506,219
821,2020-05-18,0.07118023780808932,227
822,2020-05-19,0.48670560405053925,216
823,2020-05-20,0.3808230073304189,217
824,2020-05-21,-0.3929892932438146,210
825,2020-05-22,-0.20488917369716214,249
826,2020-05-23,0.39697232136528615,181
827,2020-05-24,0.4495381839427812,161
828,2020-05-25,-0.028856650677652692,212
829,2020-05-26,0.43167377646656946,215
830,2020-05-27,0.7646509431848572,169
831,2020-05-28,0.48273195601101465,192
832,2020-05-29,0.6200692747698892,166
833,2020-05-30,0.8235159197473274,138
834,2020-05-31,-0.14799655348525764,116
835,2020-06-01,0.2606266441098929,182
836,2020-06-02,0.5667547306125209,267
837,2020-06-03,-0.0680385354149844,206
838,2020-06-04,0.7750131960455717,167
839,2020-06-05,0.5071253561973572,190
840,2020-06-06,0.35552222597087085,154
841,2020-06-07,0.6555448595108917,166
842,2020-06-08,0.4951759567396122,155
843,2020-06-09,0.40307400194984494,180
844,2020-06-11,0.6081308344843154,193
845,2020-06-12,-0.5850795746073687,146
846,2020-06-13,0.457190102474256,146
847,2020-06-14,0.0659576734547974,131
848,2020-06-15,0.2588646811959536,175
849,2020-06-16,0.07652335558193887,173
850,2020-06-17,0.6639040620441881,175
851,2020-06-18,0.1293334204342009,173
852,2020-06-19,-0.04100583537970439,172
853,2020-06-20,-0.37882682534514883,116
854,2020-06-21,0.07105871895456445,102
855,2020-06-22,-0.5758212192457205,149
856,2020-06-23,0.7068627013609959,175
857,2020-06-24,0.0021748437826308617,174
858,2020-06-25,0.2792102732828685,140
859,2020-06-27,0.21054035365382165,109
860,2020-06-28,-0.17837906341280854,137
861,2020-06-29,0.13809511010528455,138
862,2020-06-30,0.8276594146537376,147
863,2020-07-01,0.7149883118773571,157
864,2020-07-02,0.8190454325368327,138
865,2020-07-03,0.6588688238322387,139
866,2020-07-04,0.39049833703715847,120
867,2020-07-05,0.8833345398599485,118
868,2020-07-06,0.5932524376292063,152
869,2020-07-07,0.37003730564003445,161
870,2020-07-08,0.2215677256414876,157
871,2020-07-09,0.5338805970591558,145
872,2020-07-10,0.5307522979884371,113
873,2020-07-11,0.8441164564574137,137
874,2020-07-12,0.5906394423254384,94
875,2020-07-13,0.8367703925171298,151
876,2020-07-14,0.6182673578102564,159
877,2020-07-15,0.03351889594217362,219
878,2020-07-16,0.23381304433665326,170
879,2020-07-17,0.7863115234664089,137
880,2020-07-18,0.6867165560339704,94
881,2020-07-19,0.6767330230718636,121
882,2020-07-20,0.4673656884735153,143
883,2020-07-21,0.5516116110331705,141
884,2020-07-22,0.10600559301273797,143
885,2020-07-23,0.04644276396766383,129
886,2020-07-24,0.3826523575715405,145
887,2020-07-25,0.6362090336839408,135
888,2020-07-26,0.13731642677841416,162
889,2020-07-28,-0.018117602050363252,215
890,2020-07-29,0.8659363200041641,181
891,2020-07-30,-0.22416487266099044,151
892,2020-07-31,0.4977248740640092,187
893,2020-08-01,0.184372770357475,181
894,2020-08-02,0.5211049250974,243
895,2020-08-04,0.5404701631484455,181
896,2020-08-05,0.13805628659938785,166
897,2020-08-06,0.1883786342726643,193
898,2020-08-07,0.4419328584020356,132
899,2020-08-08,0.20994282074090911,153
900,2020-08-09,0.0874692735572656,132
901,2020-08-10,0.5313986534746284,185
902,2020-08-11,0.3926942783254611,178
903,2020-08-12,0.5929747077840319,138
904,2020-08-13,0.6862967803065938,167
905,2020-08-14,0.45836208712188226,136
906,2020-08-15,0.7326360125316287,168
907,2020-08-16,0.5869743060320616,135
908,2020-08-17,0.7250961633480113,172
909,2020-08-18,0.7340187059086599,192
910,2020-08-19,0.7914173170095273,151
911,2020-08-20,0.8111524549374804,144
912,2020-08-21,0.6749825842334932,129
913,2020-08-22,0.16152447151871863,147
914,2020-08-23,0.27527314370573913,109
915,2020-08-24,0.5364405925696095,157
916,2020-08-25,0.8177126768487611,144
917,2020-08-26,0.6962636708793506,113
918,2020-08-27,-0.06761375579530793,166
919,2020-08-28,0.21039388647625035,174
920,2020-08-29,0.6538355831560697,104
921,2020-08-30,0.5263272012883866,84
922,2020-08-31,0.6666092319093692,133
923,2020-09-01,0.7706541095539824,122
924,2020-09-02,0.38526981493257667,148
925,2020-09-03,0.3207034074993276,149
926,2020-09-04,0.6127397985115978,159
927,2020-09-05,0.46749551746788925,142
928,2020-09-06,0.5009402988240095,98
929,2020-09-07,0.20741491791713668,125
930,2020-09-08,0.2539263813000805,123
931,2020-09-09,0.4529138313041435,131
932,2020-09-10,0.25973243659192863,126
933,2020-09-11,0.2449376288246601,107
934,2020-09-12,0.5896265412720156,109
935,2020-09-13,0.5245890835472814,103
936,2020-09-14,0.31077555150401837,114
937,2020-09-15,0.14087710855076613,133
938,2020-09-17,0.07526656065211197,141
939,2020-09-18,0.42510055599950297,86
940,2020-09-19,0.749983361520971,85
941,2020-09-20,-0.31839192213125567,98
942,2020-09-21,0.21626803473123632,123
943,2020-09-22,0.8121580807076898,41
944,2020-09-23,0.7824352489602725,142
945,2020-09-24,0.7374584527833383,96
946,2020-09-25,0.9231602815105434,90
947,2020-09-26,0.8535715536188861,113
948,2020-09-27,0.866417041312169,94
949,2020-09-28,0.7001154049252479,119
950,2020-09-29,0.6691598431630568,102
951,2020-09-30,0.8885829498763499,111
952,2020-10-02,0.45301395404429834,113
953,2020-10-03,0.85473155015606,88
954,2020-10-04,0.8878456200322797,90
955,2020-10-07,0.3419896138371895,133
956,2020-10-08,0.13274056653816768,131
957,2020-10-09,0.6523021018063581,147
958,2020-10-11,0.6838234393166266,101
959,2020-10-12,0.6621131361061459,147
960,2020-10-13,0.7862812177237201,156
961,2020-10-14,0.6328324352177411,160
962,2020-10-15,0.1786436845135215,125
963,2020-10-16,0.8011734704756748,135
964,2020-10-17,0.5322692915199821,105
965,2020-10-18,0.9245249512950409,113
966,2020-10-19,0.8520753145217895,81
967,2020-10-20,-0.5763263441333475,130
968,2020-10-21,0.5485788805056491,291
969,2020-10-22,0.6791018452239542,254
970,2020-10-23,0.77731522736536,185
971,2020-10-24,0.5001408576588088,151
972,2020-10-25,0.6882091678985177,129
973,2020-10-26,0.8742984704899065,201
974,2020-10-27,0.20007631594083125,240
975,2020-10-28,0.7820821920048602,227
976,2020-10-29,0.7446427704517249,218
977,2020-10-30,0.6995226562023162,168
978,2020-10-31,0.12376212737704284,201
979,2020-11-01,0.6818597369108881,181
980,2020-11-02,0.8340571701175732,184
981,2020-11-03,0.8499311458992979,188
982,2020-11-04,0.6886024948634025,154
983,2020-11-05,0.08915614539926703,11
984,2020-11-09,0.697276986785894,281
985,2020-11-10,0.3878499982218263,227
986,2020-11-11,0.7537912501884176,243
987,2020-11-12,0.11199924671640105,305
988,2020-11-13,0.7994065670510935,291
989,2020-11-14,0.8858701485730289,204
990,2020-11-15,0.65018630087227,214
991,2020-11-16,0.6179180274299539,296
992,2020-11-17,0.04185784866905395,512
993,2020-11-18,0.43907184580269365,573
994,2020-11-19,0.7610463268292814,386
995,2020-11-20,0.7629865324799565,430
996,2020-11-21,0.7910587246145182,361
997,2020-11-22,0.6160909557860169,333
998,2020-11-23,0.8398834684835909,364
999,2020-11-24,0.4742281531895483,463
1000,2020-11-25,0.6473565307303677,410
1001,2020-11-26,0.3326684691993271,530
1002,2020-11-27,0.4236711918016794,304
1003,2020-11-28,0.5262758368895123,252
1004,2020-11-29,0.5442584767202137,282
1005,2020-11-30,0.5235059447437723,479
1006,2020-12-01,0.5974794282116228,446
1007,2020-12-02,0.6131874363187333,317
1008,2020-12-03,0.6183129727420672,227
1009,2020-12-04,0.7859630906920824,282
1010,2020-12-05,0.7619129964484614,269
1011,2020-12-06,0.4099802474939186,269
1012,2020-12-07,0.8289841249986941,312
1013,2020-12-08,0.5317675771306007,298
1014,2020-12-09,0.7423705203681173,325
1015,2020-12-10,0.8129184160324243,295
1016,2020-12-11,0.616394281522487,315
1017,2020-12-12,0.6994928709777868,260
1018,2020-12-13,0.7945243371955445,253
1019,2020-12-14,0.8180946895789117,309
1020,2020-12-15,0.7967752225515319,350
1021,2020-12-16,-0.15427747930654687,810
1022,2020-12-17,0.4803197903017844,988
1023,2020-12-18,0.7403795187774207,523
1024,2020-12-19,0.18293686303973541,432
1025,2020-12-20,0.6842631046621028,439
1026,2020-12-21,0.6761427629687647,472
1027,2020-12-22,0.5495032896660771,447
1028,2020-12-23,0.3085658555160121,405
1029,2020-12-24,0.6524516315833954,324
1030,2020-12-25,0.8348487557778608,359
1031,2020-12-26,0.4058849218358722,595
1032,2020-12-27,0.5385714432447922,488
1033,2020-12-28,0.8521392326187266,396
1034,2020-12-29,0.7733289474467092,429
1035,2020-12-30,0.6089976341781779,626
1036,2020-12-31,0.2904492817135901,551
1037,2021-01-01,0.6116935200736513,463
1038,2021-01-02,0.2289078755241265,1000
1039,2021-01-03,0.3333613427196401,949
1040,2021-01-04,0.539484650821066,749
1041,2021-01-05,0.4425925980228203,632
1042,2021-01-06,0.36259229759602085,837
1043,2021-01-07,0.09406797574648276,1000
1044,2021-01-08,0.49427358976698815,981
1045,2021-01-09,0.6500404814824554,686
1046,2021-01-10,0.6556607411273215,718
1047,2021-01-11,0.5129119802354104,1000
1048,2021-01-12,0.4868102384711051,710
1049,2021-01-13,0.5960696318424216,613
1050,2021-01-14,0.6369431773105619,719
1051,2021-01-15,0.8039031682520257,568
1052,2021-01-16,0.5762031430297627,501
1053,2021-01-17,0.7770789767865162,399
1054,2021-01-18,0.7703942874645445,426
1055,2021-01-19,0.8180380936032973,475
1056,2021-01-20,0.6414115935564041,471
1057,2021-01-21,0.7275519474345007,610
1058,2021-01-22,0.5499947898732735,617
1059,2021-01-23,0.6905803039712933,356
1060,2021-01-24,0.7883320678390011,318
1061,2021-01-25,0.8662893090034924,379
1062,2021-01-26,0.9009803474249417,252
1063,2021-01-27,0.6737317531328173,268
1064,2021-01-28,0.5027657672380476,744
1065,2021-01-29,0.6397941404182,1000
1066,2021-01-30,0.7106846864199081,792
1067,2021-02-01,0.5032336972063963,500
1068,2021-02-02,0.8121257485508655,500
1069,2021-02-03,0.6720855014263386,500
1070,2021-02-04,0.8471421439858874,500
1071,2021-02-07,-0.44873551347038965,11
1072,2021-02-08,0.5259762411105323,500
1073,2021-02-09,0.2529010602602064,500
1074,2021-02-10,0.6131028069998359,500
1075,2021-02-11,0.6771289327133753,500
1076,2021-02-12,0.7551804288718729,500
1077,2021-02-13,0.5305439710663704,500
1078,2021-02-14,0.8039057579510052,500
1079,2021-02-15,0.7993373661816537,500
1080,2021-02-16,-0.16438780560624972,460
1081,2021-02-17,0.2676756713760024,478
1082,2021-02-18,0.742298345555493,500
1083,2021-02-19,0.3085941837141657,500
1084,2021-02-20,0.7423411589155238,500
1085,2021-02-21,0.3712402741192366,500
1086,2021-02-22,0.656409061029787,500
1087,2021-02-23,0.5168967011510335,500
1088,2021-02-24,0.5632348387716469,500
1089,2021-02-25,0.5796686533318954,500
1090,2021-02-26,0.5324552401653311,500
1091,2021-02-27,0.43368654212349916,500
1092,2021-02-28,0.7168993748996898,139
1093,2021-03-04,0.7791421497731341,500
1094,2021-03-05,0.8476236939332444,168
1095,2021-03-07,0.22407267020459756,45
1096,2021-03-08,0.6929532795627682,347
1097,2021-03-09,0.5666358806125994,500
1098,2021-03-10,-0.032832409202928604,500
1099,2021-03-11,0.8478450222735631,500
1100,2021-03-12,0.6415831652731948,500
1101,2021-03-13,0.3048890836752496,500
1102,2021-03-14,0.6463393073714643,500
1103,2021-03-15,0.7545017865612298,500
1104,2021-03-16,0.656060602729168,500
1105,2021-03-17,0.8489231029431409,384
1106,2021-03-27,0.5937064533034269,102
1107,2021-03-28,0.7446532169770324,390
1108,2021-03-29,0.8573126443036851,455
1109,2021-03-30,0.8907885259201985,500
1110,2021-03-31,0.7127457479511101,500
1111,2021-04-01,0.5242065750271219,486
1112,2021-04-02,0.6958768053665065,478
1113,2021-04-03,0.7131356584936298,403
1114,2021-04-04,0.7818405992198023,330
1115,2021-04-05,0.7542085768421277,432
1116,2021-04-06,0.5096985962308341,470
1117,2021-04-07,0.5359767438699029,423
1118,2021-04-08,0.44717069473663795,455
1119,2021-04-09,0.7823321887779399,419
1120,2021-04-14,0.5250517720060546,500
1121,2021-04-15,0.6284101334705037,500
1122,2021-04-16,0.46686258693929367,500
1123,2021-04-17,0.6329617231325302,445
1124,2021-04-18,0.5553170362038303,500
1125,2021-04-19,0.6037452922551931,500
1126,2021-04-20,0.5278276085482209,500
1127,2021-04-21,0.6140931297712221,500
1128,2021-04-22,0.4943216048303198,500
1129,2021-04-23,0.40891360323932757,500
1130,2021-04-24,0.5378675908264187,498
1131,2021-04-25,0.6147577337598285,500
1132,2021-04-26,0.7960701522099317,500
1133,2021-04-27,0.7002668486932639,500
1134,2021-04-28,0.748784645666742,483
1135,2021-04-29,0.7879566902711084,471
1136,2021-04-30,0.6997402809146378,480
1137,2021-05-01,0.7658012300251944,410
1138,2021-05-04,0.5397851077902899,498
1139,2021-05-05,0.6148034788188605,445
1140,2021-05-06,0.6464541597453902,461
1141,2021-05-07,0.6131618944115291,452
1142,2021-05-08,0.7500163681732934,368
1143,2021-05-09,0.8163655334908697,382
1144,2021-05-10,0.6954234990839349,429
1145,2021-05-11,0.7363900640706936,465
1146,2021-05-12,0.7784451539496636,500
1147,2021-05-13,0.26607818524433297,500
1148,2021-05-15,0.6751385392447941,500
1149,2021-05-16,0.46239842712180634,500
1150,2021-05-17,0.6337371152021234,500
1151,2021-05-18,0.8293929113250474,500
1152,2021-05-19,0.3829809121852879,500
1153,2021-05-21,0.4878836273878786,500
1154,2021-05-22,0.7471369483861662,500
1155,2021-05-23,0.7078884405221859,500
1156,2021-05-24,0.5809763300645999,500
1157,2021-05-25,0.5600436194294907,464
1158,2021-05-26,0.7426878128086454,491
1159,2021-05-27,0.8246391971322266,500
1160,2021-05-28,0.7293362584315111,464
1161,2021-05-29,0.715043557660808,442
1162,2021-06-04,0.6552463943175516,500
1163,2021-06-05,0.6578612623479448,478
1164,2021-06-06,0.7298686742343736,500
1165,2021-06-07,0.7916231780894528,500
1166,2021-06-08,0.3696179520074905,500
1167,2021-06-09,-0.24987568706274035,17
1168,2021-06-10,0.7953881369979401,500
1169,2021-06-11,0.69291989222125,465
1170,2021-06-12,0.7678707272171795,403
1171,2021-06-13,0.6657223516629636,405
1172,2021-06-14,0.4213158317091661,500
1173,2021-06-15,0.7479515789098261,409
1174,2021-06-16,0.8368883248188166,423
1175,2021-06-20,0.749393922514618,306
1176,2021-06-23,0.6039318418923434,488
1177,2021-06-24,0.5198746161561065,392
1178,2021-06-25,0.4770012630185773,399
1179,2021-06-26,0.5276077472789777,328
1180,2021-06-27,0.6747505393843483,309
1181,2021-06-28,0.6960041559776332,365
1182,2021-06-29,0.4651775991120201,396
1183,2021-06-30,0.7443484899742432,376
1184,2021-07-01,0.7359304703924121,371
1185,2021-07-02,0.5236668516122378,391
1186,2021-07-03,0.784889828771789,365
1187,2021-07-04,0.816892707342409,277
1188,2021-07-05,0.6078001661723234,334
1189,2021-07-06,0.8356358181816452,319
1190,2021-07-07,0.8589015836584344,319
1191,2021-07-08,0.6573256868429885,312
1192,2021-07-09,0.7781928935724308,340
1193,2021-07-10,0.7380172676221078,249
1194,2021-07-11,0.701583197332099,280
1195,2021-07-12,0.48556132188105394,276
1196,2021-07-13,0.7675109178372824,338
1197,2021-07-14,0.8292399731499409,379
1198,2021-07-17,0.7864521907681173,273
1199,2021-07-18,0.7575873243001817,272
1200,2021-07-19,0.7267009414643405,285
1201,2021-07-20,0.5547094235742899,362
1202,2021-07-21,0.6152064407242758,401
1203,2021-07-22,0.6027022170940116,336
1204,2021-07-23,0.7828774625407671,297
1205,2021-07-24,0.6390332851657438,245
1206,2021-07-25,0.727789468570953,242
1207,2021-07-26,0.6486999292982528,500
1208,2021-07-27,0.7188871173190564,355
1209,2021-07-28,0.6863704701316171,346
1210,2021-07-29,0.7990874579341856,344
1211,2021-07-30,0.6609625786831612,341
1212,2021-07-31,0.5469731452823285,272
1213,2021-08-01,0.8254607514161643,288
1214,2021-08-02,0.7691183318268008,284
1215,2021-08-06,0.7872793117287017,304
1216,2021-08-07,0.7970804808051779,291
1217,2021-08-08,0.5219803623352788,257
1218,2021-08-09,0.11745957400482128,356
1219,2021-08-10,0.8041066293498345,304
1220,2021-08-11,0.7840417570597388,302
1221,2021-08-12,0.7776403598505417,265
1222,2021-08-13,0.6057476083528531,259
1223,2021-08-14,0.6542265508930488,276
1224,2021-08-15,0.6726217510799567,251
1225,2021-08-16,0.8522572948228406,284
1226,2021-08-17,0.861439493589623,287
1227,2021-08-18,0.5145725074947699,252
1228,2021-08-19,0.8714598853403701,295
1229,2021-08-20,0.5676976556537532,296
1230,2021-08-21,0.6682638555847027,293
1231,2021-08-22,0.830614212828893,228
1232,2021-08-23,0.12308742282439425,338
1233,2021-08-24,0.6984947056491395,324
1234,2021-08-25,0.7930192349089892,237
1235,2021-08-26,0.7254729206999281,265
1236,2021-08-27,0.4722904216070644,269
1237,2021-08-28,0.4170466771373501,219
1238,2021-08-29,0.8357729939303459,199
1239,2021-08-30,0.7222318677383298,232
1240,2021-08-31,0.6285963279404654,259
