,end,start,tweet_count
0,2018-01-02T00:00:00.000Z,2018-01-01T00:00:00.000Z,90414
1,2018-01-03T00:00:00.000Z,2018-01-02T00:00:00.000Z,125905
2,2018-01-04T00:00:00.000Z,2018-01-03T00:00:00.000Z,134825
3,2018-01-05T00:00:00.000Z,2018-01-04T00:00:00.000Z,126106
4,2018-01-06T00:00:00.000Z,2018-01-05T00:00:00.000Z,115883
5,2018-01-07T00:00:00.000Z,2018-01-06T00:00:00.000Z,90549
6,2018-01-08T00:00:00.000Z,2018-01-07T00:00:00.000Z,99180
7,2018-01-09T00:00:00.000Z,2018-01-08T00:00:00.000Z,120441
8,2018-01-10T00:00:00.000Z,2018-01-09T00:00:00.000Z,131821
9,2018-01-11T00:00:00.000Z,2018-01-10T00:00:00.000Z,136463
10,2018-01-12T00:00:00.000Z,2018-01-11T00:00:00.000Z,156445
11,2018-01-13T00:00:00.000Z,2018-01-12T00:00:00.000Z,128308
12,2018-01-14T00:00:00.000Z,2018-01-13T00:00:00.000Z,101260
13,2018-01-15T00:00:00.000Z,2018-01-14T00:00:00.000Z,93902
14,2018-01-16T00:00:00.000Z,2018-01-15T00:00:00.000Z,114365
15,2018-01-17T00:00:00.000Z,2018-01-16T00:00:00.000Z,165097
16,2018-01-18T00:00:00.000Z,2018-01-17T00:00:00.000Z,209821
17,2018-01-19T00:00:00.000Z,2018-01-18T00:00:00.000Z,150004
18,2018-01-20T00:00:00.000Z,2018-01-19T00:00:00.000Z,136143
19,2018-01-21T00:00:00.000Z,2018-01-20T00:00:00.000Z,105229
20,2018-01-22T00:00:00.000Z,2018-01-21T00:00:00.000Z,97867
21,2018-01-23T00:00:00.000Z,2018-01-22T00:00:00.000Z,124124
22,2018-01-24T00:00:00.000Z,2018-01-23T00:00:00.000Z,133165
23,2018-01-25T00:00:00.000Z,2018-01-24T00:00:00.000Z,151459
24,2018-01-26T00:00:00.000Z,2018-01-25T00:00:00.000Z,161122
25,2018-01-27T00:00:00.000Z,2018-01-26T00:00:00.000Z,124701
26,2018-01-28T00:00:00.000Z,2018-01-27T00:00:00.000Z,97156
27,2018-01-29T00:00:00.000Z,2018-01-28T00:00:00.000Z,92610
28,2018-01-30T00:00:00.000Z,2018-01-29T00:00:00.000Z,108847
29,2018-02-01T00:00:00.000Z,2018-01-31T00:00:00.000Z,127143
30,2018-02-02T00:00:00.000Z,2018-02-01T00:00:00.000Z,137124
31,2018-02-03T00:00:00.000Z,2018-02-02T00:00:00.000Z,157484
32,2018-02-04T00:00:00.000Z,2018-02-03T00:00:00.000Z,110923
33,2018-02-05T00:00:00.000Z,2018-02-04T00:00:00.000Z,104837
34,2018-02-06T00:00:00.000Z,2018-02-05T00:00:00.000Z,156450
35,2018-02-07T00:00:00.000Z,2018-02-06T00:00:00.000Z,179395
36,2018-02-08T00:00:00.000Z,2018-02-07T00:00:00.000Z,129332
37,2018-02-09T00:00:00.000Z,2018-02-08T00:00:00.000Z,121824
38,2018-02-10T00:00:00.000Z,2018-02-09T00:00:00.000Z,108548
39,2018-02-11T00:00:00.000Z,2018-02-10T00:00:00.000Z,92251
40,2018-02-12T00:00:00.000Z,2018-02-11T00:00:00.000Z,90965
41,2018-02-13T00:00:00.000Z,2018-02-12T00:00:00.000Z,103441
42,2018-02-14T00:00:00.000Z,2018-02-13T00:00:00.000Z,106382
43,2018-02-15T00:00:00.000Z,2018-02-14T00:00:00.000Z,104948
44,2018-02-16T00:00:00.000Z,2018-02-15T00:00:00.000Z,104081
45,2018-02-17T00:00:00.000Z,2018-02-16T00:00:00.000Z,106928
46,2018-02-18T00:00:00.000Z,2018-02-17T00:00:00.000Z,84536
47,2018-02-19T00:00:00.000Z,2018-02-18T00:00:00.000Z,84335
48,2018-02-20T00:00:00.000Z,2018-02-19T00:00:00.000Z,96935
49,2018-02-21T00:00:00.000Z,2018-02-20T00:00:00.000Z,110007
50,2018-02-22T00:00:00.000Z,2018-02-21T00:00:00.000Z,101378
51,2018-02-23T00:00:00.000Z,2018-02-22T00:00:00.000Z,95588
52,2018-02-24T00:00:00.000Z,2018-02-23T00:00:00.000Z,88947
53,2018-02-25T00:00:00.000Z,2018-02-24T00:00:00.000Z,77639
54,2018-02-26T00:00:00.000Z,2018-02-25T00:00:00.000Z,77995
55,2018-02-27T00:00:00.000Z,2018-02-26T00:00:00.000Z,91399
56,2018-02-28T00:00:00.000Z,2018-02-27T00:00:00.000Z,96115
57,2018-03-01T00:00:00.000Z,2018-02-28T00:00:00.000Z,93690
58,2018-03-03T00:00:00.000Z,2018-03-02T00:00:00.000Z,97353
59,2018-03-04T00:00:00.000Z,2018-03-03T00:00:00.000Z,86499
60,2018-03-05T00:00:00.000Z,2018-03-04T00:00:00.000Z,76414
61,2018-03-06T00:00:00.000Z,2018-03-05T00:00:00.000Z,89732
62,2018-03-07T00:00:00.000Z,2018-03-06T00:00:00.000Z,94428
63,2018-03-08T00:00:00.000Z,2018-03-07T00:00:00.000Z,105315
64,2018-03-09T00:00:00.000Z,2018-03-08T00:00:00.000Z,99169
65,2018-03-10T00:00:00.000Z,2018-03-09T00:00:00.000Z,95648
66,2018-03-11T00:00:00.000Z,2018-03-10T00:00:00.000Z,73973
67,2018-03-12T00:00:00.000Z,2018-03-11T00:00:00.000Z,74867
68,2018-03-13T00:00:00.000Z,2018-03-12T00:00:00.000Z,93066
69,2018-03-14T00:00:00.000Z,2018-03-13T00:00:00.000Z,91733
70,2018-03-15T00:00:00.000Z,2018-03-14T00:00:00.000Z,105028
71,2018-03-16T00:00:00.000Z,2018-03-15T00:00:00.000Z,105304
72,2018-03-17T00:00:00.000Z,2018-03-16T00:00:00.000Z,99388
73,2018-03-18T00:00:00.000Z,2018-03-17T00:00:00.000Z,79988
74,2018-03-19T00:00:00.000Z,2018-03-18T00:00:00.000Z,82523
75,2018-03-20T00:00:00.000Z,2018-03-19T00:00:00.000Z,97660
76,2018-03-21T00:00:00.000Z,2018-03-20T00:00:00.000Z,91519
77,2018-03-22T00:00:00.000Z,2018-03-21T00:00:00.000Z,96617
78,2018-03-23T00:00:00.000Z,2018-03-22T00:00:00.000Z,89944
79,2018-03-24T00:00:00.000Z,2018-03-23T00:00:00.000Z,84673
80,2018-03-25T00:00:00.000Z,2018-03-24T00:00:00.000Z,65574
81,2018-03-26T00:00:00.000Z,2018-03-25T00:00:00.000Z,65128
82,2018-03-27T00:00:00.000Z,2018-03-26T00:00:00.000Z,78831
83,2018-03-28T00:00:00.000Z,2018-03-27T00:00:00.000Z,82047
84,2018-03-29T00:00:00.000Z,2018-03-28T00:00:00.000Z,82327
85,2018-03-30T00:00:00.000Z,2018-03-29T00:00:00.000Z,83746
86,2018-03-31T00:00:00.000Z,2018-03-30T00:00:00.000Z,82457
87,2018-04-02T00:00:00.000Z,2018-04-01T00:00:00.000Z,71188
88,2018-04-03T00:00:00.000Z,2018-04-02T00:00:00.000Z,85082
89,2018-04-04T00:00:00.000Z,2018-04-03T00:00:00.000Z,86095
90,2018-04-05T00:00:00.000Z,2018-04-04T00:00:00.000Z,82392
91,2018-04-06T00:00:00.000Z,2018-04-05T00:00:00.000Z,83391
92,2018-04-07T00:00:00.000Z,2018-04-06T00:00:00.000Z,83784
93,2018-04-08T00:00:00.000Z,2018-04-07T00:00:00.000Z,71378
94,2018-04-09T00:00:00.000Z,2018-04-08T00:00:00.000Z,75784
95,2018-04-10T00:00:00.000Z,2018-04-09T00:00:00.000Z,85672
96,2018-04-11T00:00:00.000Z,2018-04-10T00:00:00.000Z,83553
97,2018-04-12T00:00:00.000Z,2018-04-11T00:00:00.000Z,78779
98,2018-04-13T00:00:00.000Z,2018-04-12T00:00:00.000Z,95689
99,2018-04-14T00:00:00.000Z,2018-04-13T00:00:00.000Z,88189
100,2018-04-15T00:00:00.000Z,2018-04-14T00:00:00.000Z,65495
101,2018-04-16T00:00:00.000Z,2018-04-15T00:00:00.000Z,67551
102,2018-04-17T00:00:00.000Z,2018-04-16T00:00:00.000Z,75443
103,2018-04-18T00:00:00.000Z,2018-04-17T00:00:00.000Z,76808
104,2018-04-19T00:00:00.000Z,2018-04-18T00:00:00.000Z,79810
105,2018-04-20T00:00:00.000Z,2018-04-19T00:00:00.000Z,79067
106,2018-04-21T00:00:00.000Z,2018-04-20T00:00:00.000Z,77569
107,2018-04-22T00:00:00.000Z,2018-04-21T00:00:00.000Z,71121
108,2018-04-23T00:00:00.000Z,2018-04-22T00:00:00.000Z,71994
109,2018-04-24T00:00:00.000Z,2018-04-23T00:00:00.000Z,83664
110,2018-04-25T00:00:00.000Z,2018-04-24T00:00:00.000Z,93279
111,2018-04-26T00:00:00.000Z,2018-04-25T00:00:00.000Z,85401
112,2018-04-27T00:00:00.000Z,2018-04-26T00:00:00.000Z,79577
113,2018-04-28T00:00:00.000Z,2018-04-27T00:00:00.000Z,75708
114,2018-04-29T00:00:00.000Z,2018-04-28T00:00:00.000Z,61942
115,2018-04-30T00:00:00.000Z,2018-04-29T00:00:00.000Z,55901
116,2018-05-02T00:00:00.000Z,2018-05-01T00:00:00.000Z,68713
117,2018-05-03T00:00:00.000Z,2018-05-02T00:00:00.000Z,75644
118,2018-05-04T00:00:00.000Z,2018-05-03T00:00:00.000Z,83667
119,2018-05-05T00:00:00.000Z,2018-05-04T00:00:00.000Z,75143
120,2018-05-06T00:00:00.000Z,2018-05-05T00:00:00.000Z,70282
121,2018-05-07T00:00:00.000Z,2018-05-06T00:00:00.000Z,62817
122,2018-05-08T00:00:00.000Z,2018-05-07T00:00:00.000Z,80405
123,2018-05-09T00:00:00.000Z,2018-05-08T00:00:00.000Z,87660
124,2018-05-10T00:00:00.000Z,2018-05-09T00:00:00.000Z,78035
125,2018-05-11T00:00:00.000Z,2018-05-10T00:00:00.000Z,76534
126,2018-05-12T00:00:00.000Z,2018-05-11T00:00:00.000Z,76563
127,2018-05-13T00:00:00.000Z,2018-05-12T00:00:00.000Z,64315
128,2018-05-14T00:00:00.000Z,2018-05-13T00:00:00.000Z,63252
129,2018-05-15T00:00:00.000Z,2018-05-14T00:00:00.000Z,76218
130,2018-05-16T00:00:00.000Z,2018-05-15T00:00:00.000Z,77291
131,2018-05-17T00:00:00.000Z,2018-05-16T00:00:00.000Z,74393
132,2018-05-18T00:00:00.000Z,2018-05-17T00:00:00.000Z,85759
133,2018-05-19T00:00:00.000Z,2018-05-18T00:00:00.000Z,79345
134,2018-05-20T00:00:00.000Z,2018-05-19T00:00:00.000Z,59634
135,2018-05-21T00:00:00.000Z,2018-05-20T00:00:00.000Z,57592
136,2018-05-22T00:00:00.000Z,2018-05-21T00:00:00.000Z,65747
137,2018-05-23T00:00:00.000Z,2018-05-22T00:00:00.000Z,79927
138,2018-05-24T00:00:00.000Z,2018-05-23T00:00:00.000Z,79708
139,2018-05-25T00:00:00.000Z,2018-05-24T00:00:00.000Z,83268
140,2018-05-26T00:00:00.000Z,2018-05-25T00:00:00.000Z,70419
141,2018-05-27T00:00:00.000Z,2018-05-26T00:00:00.000Z,61967
142,2018-05-28T00:00:00.000Z,2018-05-27T00:00:00.000Z,59816
143,2018-05-29T00:00:00.000Z,2018-05-28T00:00:00.000Z,65260
144,2018-05-30T00:00:00.000Z,2018-05-29T00:00:00.000Z,67213
145,2018-06-01T00:00:00.000Z,2018-05-31T00:00:00.000Z,65665
146,2018-06-02T00:00:00.000Z,2018-06-01T00:00:00.000Z,66965
147,2018-06-03T00:00:00.000Z,2018-06-02T00:00:00.000Z,59375
148,2018-06-04T00:00:00.000Z,2018-06-03T00:00:00.000Z,56690
149,2018-06-05T00:00:00.000Z,2018-06-04T00:00:00.000Z,65722
150,2018-06-06T00:00:00.000Z,2018-06-05T00:00:00.000Z,70349
151,2018-06-07T00:00:00.000Z,2018-06-06T00:00:00.000Z,69289
152,2018-06-08T00:00:00.000Z,2018-06-07T00:00:00.000Z,65494
153,2018-06-09T00:00:00.000Z,2018-06-08T00:00:00.000Z,62947
154,2018-06-10T00:00:00.000Z,2018-06-09T00:00:00.000Z,55818
155,2018-06-11T00:00:00.000Z,2018-06-10T00:00:00.000Z,60307
156,2018-06-12T00:00:00.000Z,2018-06-11T00:00:00.000Z,76289
157,2018-06-13T00:00:00.000Z,2018-06-12T00:00:00.000Z,70352
158,2018-06-14T00:00:00.000Z,2018-06-13T00:00:00.000Z,80111
159,2018-06-15T00:00:00.000Z,2018-06-14T00:00:00.000Z,74593
160,2018-06-16T00:00:00.000Z,2018-06-15T00:00:00.000Z,60777
161,2018-06-17T00:00:00.000Z,2018-06-16T00:00:00.000Z,50204
162,2018-06-18T00:00:00.000Z,2018-06-17T00:00:00.000Z,49088
163,2018-06-19T00:00:00.000Z,2018-06-18T00:00:00.000Z,64632
164,2018-06-20T00:00:00.000Z,2018-06-19T00:00:00.000Z,65139
165,2018-06-21T00:00:00.000Z,2018-06-20T00:00:00.000Z,64845
166,2018-06-22T00:00:00.000Z,2018-06-21T00:00:00.000Z,62114
167,2018-06-23T00:00:00.000Z,2018-06-22T00:00:00.000Z,65367
168,2018-06-24T00:00:00.000Z,2018-06-23T00:00:00.000Z,52375
169,2018-06-25T00:00:00.000Z,2018-06-24T00:00:00.000Z,50750
170,2018-06-26T00:00:00.000Z,2018-06-25T00:00:00.000Z,59014
171,2018-06-27T00:00:00.000Z,2018-06-26T00:00:00.000Z,60680
172,2018-06-28T00:00:00.000Z,2018-06-27T00:00:00.000Z,59739
173,2018-06-29T00:00:00.000Z,2018-06-28T00:00:00.000Z,58887
174,2018-07-01T00:00:00.000Z,2018-06-30T00:00:00.000Z,53275
175,2018-07-02T00:00:00.000Z,2018-07-01T00:00:00.000Z,46326
176,2018-07-03T00:00:00.000Z,2018-07-02T00:00:00.000Z,59834
177,2018-07-04T00:00:00.000Z,2018-07-03T00:00:00.000Z,58743
178,2018-07-05T00:00:00.000Z,2018-07-04T00:00:00.000Z,56040
179,2018-07-06T00:00:00.000Z,2018-07-05T00:00:00.000Z,61025
180,2018-07-07T00:00:00.000Z,2018-07-06T00:00:00.000Z,61976
181,2018-07-08T00:00:00.000Z,2018-07-07T00:00:00.000Z,48108
182,2018-07-09T00:00:00.000Z,2018-07-08T00:00:00.000Z,45961
183,2018-07-10T00:00:00.000Z,2018-07-09T00:00:00.000Z,57468
184,2018-07-11T00:00:00.000Z,2018-07-10T00:00:00.000Z,58372
185,2018-07-12T00:00:00.000Z,2018-07-11T00:00:00.000Z,59757
186,2018-07-13T00:00:00.000Z,2018-07-12T00:00:00.000Z,58286
187,2018-07-14T00:00:00.000Z,2018-07-13T00:00:00.000Z,60631
188,2018-07-15T00:00:00.000Z,2018-07-14T00:00:00.000Z,48121
189,2018-07-16T00:00:00.000Z,2018-07-15T00:00:00.000Z,44490
190,2018-07-17T00:00:00.000Z,2018-07-16T00:00:00.000Z,60415
191,2018-07-18T00:00:00.000Z,2018-07-17T00:00:00.000Z,68604
192,2018-07-19T00:00:00.000Z,2018-07-18T00:00:00.000Z,79546
193,2018-07-20T00:00:00.000Z,2018-07-19T00:00:00.000Z,66330
194,2018-07-21T00:00:00.000Z,2018-07-20T00:00:00.000Z,60988
195,2018-07-22T00:00:00.000Z,2018-07-21T00:00:00.000Z,48597
196,2018-07-23T00:00:00.000Z,2018-07-22T00:00:00.000Z,48430
197,2018-07-24T00:00:00.000Z,2018-07-23T00:00:00.000Z,61384
198,2018-07-25T00:00:00.000Z,2018-07-24T00:00:00.000Z,77949
199,2018-07-26T00:00:00.000Z,2018-07-25T00:00:00.000Z,66292
200,2018-07-27T00:00:00.000Z,2018-07-26T00:00:00.000Z,67263
201,2018-07-28T00:00:00.000Z,2018-07-27T00:00:00.000Z,66140
202,2018-07-29T00:00:00.000Z,2018-07-28T00:00:00.000Z,49370
203,2018-07-31T00:00:00.000Z,2018-07-30T00:00:00.000Z,58802
204,2018-08-01T00:00:00.000Z,2018-07-31T00:00:00.000Z,58265
205,2018-08-02T00:00:00.000Z,2018-08-01T00:00:00.000Z,60899
206,2018-08-03T00:00:00.000Z,2018-08-02T00:00:00.000Z,60010
207,2018-08-04T00:00:00.000Z,2018-08-03T00:00:00.000Z,66299
208,2018-08-05T00:00:00.000Z,2018-08-04T00:00:00.000Z,50186
209,2018-08-06T00:00:00.000Z,2018-08-05T00:00:00.000Z,42820
210,2018-08-07T00:00:00.000Z,2018-08-06T00:00:00.000Z,58555
211,2018-08-08T00:00:00.000Z,2018-08-07T00:00:00.000Z,58186
212,2018-08-09T00:00:00.000Z,2018-08-08T00:00:00.000Z,60446
213,2018-08-10T00:00:00.000Z,2018-08-09T00:00:00.000Z,58260
214,2018-08-11T00:00:00.000Z,2018-08-10T00:00:00.000Z,58702
215,2018-08-12T00:00:00.000Z,2018-08-11T00:00:00.000Z,51124
216,2018-08-13T00:00:00.000Z,2018-08-12T00:00:00.000Z,47529
217,2018-08-14T00:00:00.000Z,2018-08-13T00:00:00.000Z,58453
218,2018-08-15T00:00:00.000Z,2018-08-14T00:00:00.000Z,67314
219,2018-08-16T00:00:00.000Z,2018-08-15T00:00:00.000Z,60177
220,2018-08-17T00:00:00.000Z,2018-08-16T00:00:00.000Z,54228
221,2018-08-18T00:00:00.000Z,2018-08-17T00:00:00.000Z,62182
222,2018-08-19T00:00:00.000Z,2018-08-18T00:00:00.000Z,49413
223,2018-08-20T00:00:00.000Z,2018-08-19T00:00:00.000Z,46523
224,2018-08-21T00:00:00.000Z,2018-08-20T00:00:00.000Z,59205
225,2018-08-22T00:00:00.000Z,2018-08-21T00:00:00.000Z,58970
226,2018-08-23T00:00:00.000Z,2018-08-22T00:00:00.000Z,58057
227,2018-08-24T00:00:00.000Z,2018-08-23T00:00:00.000Z,61214
228,2018-08-25T00:00:00.000Z,2018-08-24T00:00:00.000Z,54357
229,2018-08-26T00:00:00.000Z,2018-08-25T00:00:00.000Z,46691
230,2018-08-27T00:00:00.000Z,2018-08-26T00:00:00.000Z,41912
231,2018-08-28T00:00:00.000Z,2018-08-27T00:00:00.000Z,53913
232,2018-08-30T00:00:00.000Z,2018-08-29T00:00:00.000Z,55084
233,2018-08-31T00:00:00.000Z,2018-08-30T00:00:00.000Z,56652
234,2018-09-01T00:00:00.000Z,2018-08-31T00:00:00.000Z,54277
235,2018-09-02T00:00:00.000Z,2018-09-01T00:00:00.000Z,45119
236,2018-09-03T00:00:00.000Z,2018-09-02T00:00:00.000Z,44201
237,2018-09-04T00:00:00.000Z,2018-09-03T00:00:00.000Z,51606
238,2018-09-05T00:00:00.000Z,2018-09-04T00:00:00.000Z,54737
239,2018-09-06T00:00:00.000Z,2018-09-05T00:00:00.000Z,58581
240,2018-09-07T00:00:00.000Z,2018-09-06T00:00:00.000Z,61833
241,2018-09-08T00:00:00.000Z,2018-09-07T00:00:00.000Z,51327
242,2018-09-09T00:00:00.000Z,2018-09-08T00:00:00.000Z,41216
243,2018-09-10T00:00:00.000Z,2018-09-09T00:00:00.000Z,41758
244,2018-09-11T00:00:00.000Z,2018-09-10T00:00:00.000Z,51263
245,2018-09-12T00:00:00.000Z,2018-09-11T00:00:00.000Z,52981
246,2018-09-13T00:00:00.000Z,2018-09-12T00:00:00.000Z,51268
247,2018-09-14T00:00:00.000Z,2018-09-13T00:00:00.000Z,54597
248,2018-09-15T00:00:00.000Z,2018-09-14T00:00:00.000Z,49072
249,2018-09-16T00:00:00.000Z,2018-09-15T00:00:00.000Z,42060
250,2018-09-17T00:00:00.000Z,2018-09-16T00:00:00.000Z,42728
251,2018-09-18T00:00:00.000Z,2018-09-17T00:00:00.000Z,51944
252,2018-09-19T00:00:00.000Z,2018-09-18T00:00:00.000Z,48264
253,2018-09-20T00:00:00.000Z,2018-09-19T00:00:00.000Z,52279
254,2018-09-21T00:00:00.000Z,2018-09-20T00:00:00.000Z,53892
255,2018-09-22T00:00:00.000Z,2018-09-21T00:00:00.000Z,55872
256,2018-09-23T00:00:00.000Z,2018-09-22T00:00:00.000Z,41784
257,2018-09-24T00:00:00.000Z,2018-09-23T00:00:00.000Z,41144
258,2018-09-25T00:00:00.000Z,2018-09-24T00:00:00.000Z,48062
259,2018-09-26T00:00:00.000Z,2018-09-25T00:00:00.000Z,55627
260,2018-09-27T00:00:00.000Z,2018-09-26T00:00:00.000Z,52355
261,2018-09-29T00:00:00.000Z,2018-09-28T00:00:00.000Z,48333
262,2018-09-30T00:00:00.000Z,2018-09-29T00:00:00.000Z,37293
263,2018-10-01T00:00:00.000Z,2018-09-30T00:00:00.000Z,36396
264,2018-10-02T00:00:00.000Z,2018-10-01T00:00:00.000Z,45665
265,2018-10-03T00:00:00.000Z,2018-10-02T00:00:00.000Z,44707
266,2018-10-04T00:00:00.000Z,2018-10-03T00:00:00.000Z,48592
267,2018-10-05T00:00:00.000Z,2018-10-04T00:00:00.000Z,48732
268,2018-10-06T00:00:00.000Z,2018-10-05T00:00:00.000Z,49106
269,2018-10-07T00:00:00.000Z,2018-10-06T00:00:00.000Z,41406
270,2018-10-08T00:00:00.000Z,2018-10-07T00:00:00.000Z,36427
271,2018-10-09T00:00:00.000Z,2018-10-08T00:00:00.000Z,48443
272,2018-10-10T00:00:00.000Z,2018-10-09T00:00:00.000Z,49385
273,2018-10-11T00:00:00.000Z,2018-10-10T00:00:00.000Z,50832
274,2018-10-12T00:00:00.000Z,2018-10-11T00:00:00.000Z,54741
275,2018-10-13T00:00:00.000Z,2018-10-12T00:00:00.000Z,46450
276,2018-10-14T00:00:00.000Z,2018-10-13T00:00:00.000Z,38672
277,2018-10-15T00:00:00.000Z,2018-10-14T00:00:00.000Z,39275
278,2018-10-16T00:00:00.000Z,2018-10-15T00:00:00.000Z,57189
279,2018-10-17T00:00:00.000Z,2018-10-16T00:00:00.000Z,52284
280,2018-10-18T00:00:00.000Z,2018-10-17T00:00:00.000Z,48425
281,2018-10-19T00:00:00.000Z,2018-10-18T00:00:00.000Z,48637
282,2018-10-20T00:00:00.000Z,2018-10-19T00:00:00.000Z,42418
283,2018-10-21T00:00:00.000Z,2018-10-20T00:00:00.000Z,37143
284,2018-10-22T00:00:00.000Z,2018-10-21T00:00:00.000Z,36516
285,2018-10-23T00:00:00.000Z,2018-10-22T00:00:00.000Z,48894
286,2018-10-24T00:00:00.000Z,2018-10-23T00:00:00.000Z,60163
287,2018-10-25T00:00:00.000Z,2018-10-24T00:00:00.000Z,48972
288,2018-10-26T00:00:00.000Z,2018-10-25T00:00:00.000Z,46222
289,2018-10-27T00:00:00.000Z,2018-10-26T00:00:00.000Z,47190
290,2018-10-29T00:00:00.000Z,2018-10-28T00:00:00.000Z,36655
291,2018-10-30T00:00:00.000Z,2018-10-29T00:00:00.000Z,48374
292,2018-10-31T00:00:00.000Z,2018-10-30T00:00:00.000Z,51175
293,2018-11-01T00:00:00.000Z,2018-10-31T00:00:00.000Z,69403
294,2018-11-02T00:00:00.000Z,2018-11-01T00:00:00.000Z,58399
295,2018-11-03T00:00:00.000Z,2018-11-02T00:00:00.000Z,47724
296,2018-11-04T00:00:00.000Z,2018-11-03T00:00:00.000Z,35365
297,2018-11-05T00:00:00.000Z,2018-11-04T00:00:00.000Z,36339
298,2018-11-06T00:00:00.000Z,2018-11-05T00:00:00.000Z,45899
299,2018-11-07T00:00:00.000Z,2018-11-06T00:00:00.000Z,51342
300,2018-11-08T00:00:00.000Z,2018-11-07T00:00:00.000Z,48039
301,2018-11-09T00:00:00.000Z,2018-11-08T00:00:00.000Z,47726
302,2018-11-10T00:00:00.000Z,2018-11-09T00:00:00.000Z,46088
303,2018-11-11T00:00:00.000Z,2018-11-10T00:00:00.000Z,36726
304,2018-11-12T00:00:00.000Z,2018-11-11T00:00:00.000Z,34759
305,2018-11-13T00:00:00.000Z,2018-11-12T00:00:00.000Z,44016
306,2018-11-14T00:00:00.000Z,2018-11-13T00:00:00.000Z,46794
307,2018-11-15T00:00:00.000Z,2018-11-14T00:00:00.000Z,57124
308,2018-11-16T00:00:00.000Z,2018-11-15T00:00:00.000Z,62027
309,2018-11-17T00:00:00.000Z,2018-11-16T00:00:00.000Z,53145
310,2018-11-18T00:00:00.000Z,2018-11-17T00:00:00.000Z,41359
311,2018-11-19T00:00:00.000Z,2018-11-18T00:00:00.000Z,40730
312,2018-11-20T00:00:00.000Z,2018-11-19T00:00:00.000Z,67414
313,2018-11-21T00:00:00.000Z,2018-11-20T00:00:00.000Z,75565
314,2018-11-22T00:00:00.000Z,2018-11-21T00:00:00.000Z,62808
315,2018-11-23T00:00:00.000Z,2018-11-22T00:00:00.000Z,55118
316,2018-11-24T00:00:00.000Z,2018-11-23T00:00:00.000Z,53663
317,2018-11-25T00:00:00.000Z,2018-11-24T00:00:00.000Z,47513
318,2018-11-26T00:00:00.000Z,2018-11-25T00:00:00.000Z,61160
319,2018-11-28T00:00:00.000Z,2018-11-27T00:00:00.000Z,63963
320,2018-11-29T00:00:00.000Z,2018-11-28T00:00:00.000Z,59252
321,2018-11-30T00:00:00.000Z,2018-11-29T00:00:00.000Z,53065
322,2018-12-01T00:00:00.000Z,2018-11-30T00:00:00.000Z,50725
323,2018-12-02T00:00:00.000Z,2018-12-01T00:00:00.000Z,40422
324,2018-12-03T00:00:00.000Z,2018-12-02T00:00:00.000Z,37228
325,2018-12-04T00:00:00.000Z,2018-12-03T00:00:00.000Z,51529
326,2018-12-05T00:00:00.000Z,2018-12-04T00:00:00.000Z,50342
327,2018-12-06T00:00:00.000Z,2018-12-05T00:00:00.000Z,47264
328,2018-12-07T00:00:00.000Z,2018-12-06T00:00:00.000Z,49169
329,2018-12-08T00:00:00.000Z,2018-12-07T00:00:00.000Z,54848
330,2018-12-09T00:00:00.000Z,2018-12-08T00:00:00.000Z,42642
331,2018-12-10T00:00:00.000Z,2018-12-09T00:00:00.000Z,41169
332,2018-12-11T00:00:00.000Z,2018-12-10T00:00:00.000Z,42607
333,2018-12-12T00:00:00.000Z,2018-12-11T00:00:00.000Z,45077
334,2018-12-13T00:00:00.000Z,2018-12-12T00:00:00.000Z,42923
335,2018-12-14T00:00:00.000Z,2018-12-13T00:00:00.000Z,47870
336,2018-12-15T00:00:00.000Z,2018-12-14T00:00:00.000Z,50457
337,2018-12-16T00:00:00.000Z,2018-12-15T00:00:00.000Z,37083
338,2018-12-17T00:00:00.000Z,2018-12-16T00:00:00.000Z,36481
339,2018-12-18T00:00:00.000Z,2018-12-17T00:00:00.000Z,52735
340,2018-12-19T00:00:00.000Z,2018-12-18T00:00:00.000Z,50639
341,2018-12-20T00:00:00.000Z,2018-12-19T00:00:00.000Z,50754
342,2018-12-21T00:00:00.000Z,2018-12-20T00:00:00.000Z,48116
343,2018-12-22T00:00:00.000Z,2018-12-21T00:00:00.000Z,44539
344,2018-12-23T00:00:00.000Z,2018-12-22T00:00:00.000Z,35909
345,2018-12-24T00:00:00.000Z,2018-12-23T00:00:00.000Z,34661
346,2018-12-25T00:00:00.000Z,2018-12-24T00:00:00.000Z,39365
347,2018-12-26T00:00:00.000Z,2018-12-25T00:00:00.000Z,33082
348,2018-12-28T00:00:00.000Z,2018-12-27T00:00:00.000Z,43205
349,2018-12-29T00:00:00.000Z,2018-12-28T00:00:00.000Z,43154
350,2018-12-30T00:00:00.000Z,2018-12-29T00:00:00.000Z,40305
351,2018-12-31T00:00:00.000Z,2018-12-30T00:00:00.000Z,35868
352,2019-01-01T00:00:00.000Z,2018-12-31T00:00:00.000Z,40302
353,2019-01-02T00:00:00.000Z,2019-01-01T00:00:00.000Z,33042
354,2019-01-03T00:00:00.000Z,2019-01-02T00:00:00.000Z,44032
355,2019-01-04T00:00:00.000Z,2019-01-03T00:00:00.000Z,58620
356,2019-01-05T00:00:00.000Z,2019-01-04T00:00:00.000Z,45037
357,2019-01-06T00:00:00.000Z,2019-01-05T00:00:00.000Z,35480
358,2019-01-07T00:00:00.000Z,2019-01-06T00:00:00.000Z,35105
359,2019-01-08T00:00:00.000Z,2019-01-07T00:00:00.000Z,45454
360,2019-01-09T00:00:00.000Z,2019-01-08T00:00:00.000Z,43231
361,2019-01-10T00:00:00.000Z,2019-01-09T00:00:00.000Z,44395
362,2019-01-11T00:00:00.000Z,2019-01-10T00:00:00.000Z,45912
363,2019-01-12T00:00:00.000Z,2019-01-11T00:00:00.000Z,42823
364,2019-01-13T00:00:00.000Z,2019-01-12T00:00:00.000Z,34827
365,2019-01-14T00:00:00.000Z,2019-01-13T00:00:00.000Z,33150
366,2019-01-15T00:00:00.000Z,2019-01-14T00:00:00.000Z,40524
367,2019-01-16T00:00:00.000Z,2019-01-15T00:00:00.000Z,39726
368,2019-01-17T00:00:00.000Z,2019-01-16T00:00:00.000Z,48269
369,2019-01-18T00:00:00.000Z,2019-01-17T00:00:00.000Z,56775
370,2019-01-19T00:00:00.000Z,2019-01-18T00:00:00.000Z,41391
371,2019-01-20T00:00:00.000Z,2019-01-19T00:00:00.000Z,34734
372,2019-01-21T00:00:00.000Z,2019-01-20T00:00:00.000Z,35971
373,2019-01-22T00:00:00.000Z,2019-01-21T00:00:00.000Z,42352
374,2019-01-23T00:00:00.000Z,2019-01-22T00:00:00.000Z,41283
375,2019-01-24T00:00:00.000Z,2019-01-23T00:00:00.000Z,44818
376,2019-01-25T00:00:00.000Z,2019-01-24T00:00:00.000Z,42958
377,2019-01-27T00:00:00.000Z,2019-01-26T00:00:00.000Z,33738
378,2019-01-28T00:00:00.000Z,2019-01-27T00:00:00.000Z,30970
379,2019-01-29T00:00:00.000Z,2019-01-28T00:00:00.000Z,40638
380,2019-01-30T00:00:00.000Z,2019-01-29T00:00:00.000Z,41362
381,2019-01-31T00:00:00.000Z,2019-01-30T00:00:00.000Z,40926
382,2019-02-01T00:00:00.000Z,2019-01-31T00:00:00.000Z,45114
383,2019-02-02T00:00:00.000Z,2019-02-01T00:00:00.000Z,41145
384,2019-02-03T00:00:00.000Z,2019-02-02T00:00:00.000Z,34053
385,2019-02-04T00:00:00.000Z,2019-02-03T00:00:00.000Z,32449
386,2019-02-05T00:00:00.000Z,2019-02-04T00:00:00.000Z,40927
387,2019-02-06T00:00:00.000Z,2019-02-05T00:00:00.000Z,42687
388,2019-02-07T00:00:00.000Z,2019-02-06T00:00:00.000Z,49185
389,2019-02-08T00:00:00.000Z,2019-02-07T00:00:00.000Z,46078
390,2019-02-09T00:00:00.000Z,2019-02-08T00:00:00.000Z,47190
391,2019-02-10T00:00:00.000Z,2019-02-09T00:00:00.000Z,37457
392,2019-02-11T00:00:00.000Z,2019-02-10T00:00:00.000Z,34059
393,2019-02-12T00:00:00.000Z,2019-02-11T00:00:00.000Z,39252
394,2019-02-13T00:00:00.000Z,2019-02-12T00:00:00.000Z,39901
395,2019-02-14T00:00:00.000Z,2019-02-13T00:00:00.000Z,43659
396,2019-02-15T00:00:00.000Z,2019-02-14T00:00:00.000Z,45608
397,2019-02-16T00:00:00.000Z,2019-02-15T00:00:00.000Z,41095
398,2019-02-17T00:00:00.000Z,2019-02-16T00:00:00.000Z,32591
399,2019-02-18T00:00:00.000Z,2019-02-17T00:00:00.000Z,32365
400,2019-02-19T00:00:00.000Z,2019-02-18T00:00:00.000Z,43445
401,2019-02-20T00:00:00.000Z,2019-02-19T00:00:00.000Z,46925
402,2019-02-21T00:00:00.000Z,2019-02-20T00:00:00.000Z,51114
403,2019-02-22T00:00:00.000Z,2019-02-21T00:00:00.000Z,43703
404,2019-02-23T00:00:00.000Z,2019-02-22T00:00:00.000Z,42377
405,2019-02-24T00:00:00.000Z,2019-02-23T00:00:00.000Z,37996
406,2019-02-26T00:00:00.000Z,2019-02-25T00:00:00.000Z,44238
407,2019-02-27T00:00:00.000Z,2019-02-26T00:00:00.000Z,42063
408,2019-02-28T00:00:00.000Z,2019-02-27T00:00:00.000Z,41451
409,2019-03-01T00:00:00.000Z,2019-02-28T00:00:00.000Z,40913
410,2019-03-02T00:00:00.000Z,2019-03-01T00:00:00.000Z,40375
411,2019-03-03T00:00:00.000Z,2019-03-02T00:00:00.000Z,33442
412,2019-03-04T00:00:00.000Z,2019-03-03T00:00:00.000Z,31340
413,2019-03-05T00:00:00.000Z,2019-03-04T00:00:00.000Z,40928
414,2019-03-06T00:00:00.000Z,2019-03-05T00:00:00.000Z,41874
415,2019-03-07T00:00:00.000Z,2019-03-06T00:00:00.000Z,39072
416,2019-03-08T00:00:00.000Z,2019-03-07T00:00:00.000Z,42861
417,2019-03-09T00:00:00.000Z,2019-03-08T00:00:00.000Z,37531
418,2019-03-10T00:00:00.000Z,2019-03-09T00:00:00.000Z,34547
419,2019-03-11T00:00:00.000Z,2019-03-10T00:00:00.000Z,33600
420,2019-03-12T00:00:00.000Z,2019-03-11T00:00:00.000Z,37075
421,2019-03-13T00:00:00.000Z,2019-03-12T00:00:00.000Z,38720
422,2019-03-14T00:00:00.000Z,2019-03-13T00:00:00.000Z,37934
423,2019-03-15T00:00:00.000Z,2019-03-14T00:00:00.000Z,38822
424,2019-03-16T00:00:00.000Z,2019-03-15T00:00:00.000Z,40091
425,2019-03-17T00:00:00.000Z,2019-03-16T00:00:00.000Z,34991
426,2019-03-18T00:00:00.000Z,2019-03-17T00:00:00.000Z,31368
427,2019-03-19T00:00:00.000Z,2019-03-18T00:00:00.000Z,44611
428,2019-03-20T00:00:00.000Z,2019-03-19T00:00:00.000Z,45138
429,2019-03-21T00:00:00.000Z,2019-03-20T00:00:00.000Z,46087
430,2019-03-22T00:00:00.000Z,2019-03-21T00:00:00.000Z,47726
431,2019-03-23T00:00:00.000Z,2019-03-22T00:00:00.000Z,41552
432,2019-03-24T00:00:00.000Z,2019-03-23T00:00:00.000Z,36370
433,2019-03-25T00:00:00.000Z,2019-03-24T00:00:00.000Z,31799
434,2019-03-26T00:00:00.000Z,2019-03-25T00:00:00.000Z,36856
435,2019-03-28T00:00:00.000Z,2019-03-27T00:00:00.000Z,37885
436,2019-03-29T00:00:00.000Z,2019-03-28T00:00:00.000Z,39101
437,2019-03-30T00:00:00.000Z,2019-03-29T00:00:00.000Z,39904
438,2019-03-31T00:00:00.000Z,2019-03-30T00:00:00.000Z,35301
439,2019-04-01T00:00:00.000Z,2019-03-31T00:00:00.000Z,29265
440,2019-04-02T00:00:00.000Z,2019-04-01T00:00:00.000Z,38277
441,2019-04-03T00:00:00.000Z,2019-04-02T00:00:00.000Z,69196
442,2019-04-04T00:00:00.000Z,2019-04-03T00:00:00.000Z,63533
443,2019-04-05T00:00:00.000Z,2019-04-04T00:00:00.000Z,48455
444,2019-04-06T00:00:00.000Z,2019-04-05T00:00:00.000Z,45245
445,2019-04-07T00:00:00.000Z,2019-04-06T00:00:00.000Z,39697
446,2019-04-08T00:00:00.000Z,2019-04-07T00:00:00.000Z,37540
447,2019-04-09T00:00:00.000Z,2019-04-08T00:00:00.000Z,44857
448,2019-04-10T00:00:00.000Z,2019-04-09T00:00:00.000Z,48862
449,2019-04-11T00:00:00.000Z,2019-04-10T00:00:00.000Z,43573
450,2019-04-12T00:00:00.000Z,2019-04-11T00:00:00.000Z,43334
451,2019-04-13T00:00:00.000Z,2019-04-12T00:00:00.000Z,41487
452,2019-04-14T00:00:00.000Z,2019-04-13T00:00:00.000Z,36271
453,2019-04-15T00:00:00.000Z,2019-04-14T00:00:00.000Z,35445
454,2019-04-16T00:00:00.000Z,2019-04-15T00:00:00.000Z,49277
455,2019-04-17T00:00:00.000Z,2019-04-16T00:00:00.000Z,46347
456,2019-04-18T00:00:00.000Z,2019-04-17T00:00:00.000Z,45059
457,2019-04-19T00:00:00.000Z,2019-04-18T00:00:00.000Z,41934
458,2019-04-20T00:00:00.000Z,2019-04-19T00:00:00.000Z,40912
459,2019-04-21T00:00:00.000Z,2019-04-20T00:00:00.000Z,36868
460,2019-04-22T00:00:00.000Z,2019-04-21T00:00:00.000Z,35721
461,2019-04-23T00:00:00.000Z,2019-04-22T00:00:00.000Z,42413
462,2019-04-24T00:00:00.000Z,2019-04-23T00:00:00.000Z,53478
463,2019-04-25T00:00:00.000Z,2019-04-24T00:00:00.000Z,47323
464,2019-04-27T00:00:00.000Z,2019-04-26T00:00:00.000Z,42104
465,2019-04-28T00:00:00.000Z,2019-04-27T00:00:00.000Z,34540
466,2019-04-29T00:00:00.000Z,2019-04-28T00:00:00.000Z,35339
467,2019-04-30T00:00:00.000Z,2019-04-29T00:00:00.000Z,41394
468,2019-05-01T00:00:00.000Z,2019-04-30T00:00:00.000Z,44024
469,2019-05-02T00:00:00.000Z,2019-05-01T00:00:00.000Z,43581
470,2019-05-03T00:00:00.000Z,2019-05-02T00:00:00.000Z,46493
471,2019-05-04T00:00:00.000Z,2019-05-03T00:00:00.000Z,50629
472,2019-05-05T00:00:00.000Z,2019-05-04T00:00:00.000Z,38830
473,2019-05-06T00:00:00.000Z,2019-05-05T00:00:00.000Z,34464
474,2019-05-07T00:00:00.000Z,2019-05-06T00:00:00.000Z,44409
475,2019-05-08T00:00:00.000Z,2019-05-07T00:00:00.000Z,49239
476,2019-05-09T00:00:00.000Z,2019-05-08T00:00:00.000Z,59483
477,2019-05-10T00:00:00.000Z,2019-05-09T00:00:00.000Z,53304
478,2019-05-11T00:00:00.000Z,2019-05-10T00:00:00.000Z,54094
479,2019-05-12T00:00:00.000Z,2019-05-11T00:00:00.000Z,57091
480,2019-05-13T00:00:00.000Z,2019-05-12T00:00:00.000Z,52431
481,2019-05-14T00:00:00.000Z,2019-05-13T00:00:00.000Z,84045
482,2019-05-15T00:00:00.000Z,2019-05-14T00:00:00.000Z,80159
483,2019-05-16T00:00:00.000Z,2019-05-15T00:00:00.000Z,65210
484,2019-05-17T00:00:00.000Z,2019-05-16T00:00:00.000Z,59243
485,2019-05-18T00:00:00.000Z,2019-05-17T00:00:00.000Z,52012
486,2019-05-19T00:00:00.000Z,2019-05-18T00:00:00.000Z,40649
487,2019-05-20T00:00:00.000Z,2019-05-19T00:00:00.000Z,46569
488,2019-05-21T00:00:00.000Z,2019-05-20T00:00:00.000Z,58097
489,2019-05-22T00:00:00.000Z,2019-05-21T00:00:00.000Z,60340
490,2019-05-23T00:00:00.000Z,2019-05-22T00:00:00.000Z,58381
491,2019-05-24T00:00:00.000Z,2019-05-23T00:00:00.000Z,52877
492,2019-05-25T00:00:00.000Z,2019-05-24T00:00:00.000Z,51826
493,2019-05-27T00:00:00.000Z,2019-05-26T00:00:00.000Z,44593
494,2019-05-28T00:00:00.000Z,2019-05-27T00:00:00.000Z,59063
495,2019-05-29T00:00:00.000Z,2019-05-28T00:00:00.000Z,53527
496,2019-05-30T00:00:00.000Z,2019-05-29T00:00:00.000Z,53100
497,2019-05-31T00:00:00.000Z,2019-05-30T00:00:00.000Z,56278
498,2019-06-01T00:00:00.000Z,2019-05-31T00:00:00.000Z,49236
499,2019-06-02T00:00:00.000Z,2019-06-01T00:00:00.000Z,38222
500,2019-06-03T00:00:00.000Z,2019-06-02T00:00:00.000Z,38378
501,2019-06-04T00:00:00.000Z,2019-06-03T00:00:00.000Z,44170
502,2019-06-05T00:00:00.000Z,2019-06-04T00:00:00.000Z,45660
503,2019-06-06T00:00:00.000Z,2019-06-05T00:00:00.000Z,43167
504,2019-06-07T00:00:00.000Z,2019-06-06T00:00:00.000Z,40456
505,2019-06-08T00:00:00.000Z,2019-06-07T00:00:00.000Z,42152
506,2019-06-09T00:00:00.000Z,2019-06-08T00:00:00.000Z,34306
507,2019-06-10T00:00:00.000Z,2019-06-09T00:00:00.000Z,32680
508,2019-06-11T00:00:00.000Z,2019-06-10T00:00:00.000Z,38418
509,2019-06-12T00:00:00.000Z,2019-06-11T00:00:00.000Z,38518
510,2019-06-13T00:00:00.000Z,2019-06-12T00:00:00.000Z,37855
511,2019-06-14T00:00:00.000Z,2019-06-13T00:00:00.000Z,43388
512,2019-06-15T00:00:00.000Z,2019-06-14T00:00:00.000Z,44784
513,2019-06-16T00:00:00.000Z,2019-06-15T00:00:00.000Z,38435
514,2019-06-17T00:00:00.000Z,2019-06-16T00:00:00.000Z,48980
515,2019-06-18T00:00:00.000Z,2019-06-17T00:00:00.000Z,59119
516,2019-06-19T00:00:00.000Z,2019-06-18T00:00:00.000Z,61776
517,2019-06-20T00:00:00.000Z,2019-06-19T00:00:00.000Z,52620
518,2019-06-21T00:00:00.000Z,2019-06-20T00:00:00.000Z,49762
519,2019-06-22T00:00:00.000Z,2019-06-21T00:00:00.000Z,62624
520,2019-06-23T00:00:00.000Z,2019-06-22T00:00:00.000Z,91029
521,2019-06-24T00:00:00.000Z,2019-06-23T00:00:00.000Z,53233
522,2019-06-26T00:00:00.000Z,2019-06-25T00:00:00.000Z,66089
523,2019-06-27T00:00:00.000Z,2019-06-26T00:00:00.000Z,104718
524,2019-06-28T00:00:00.000Z,2019-06-27T00:00:00.000Z,73066
525,2019-06-29T00:00:00.000Z,2019-06-28T00:00:00.000Z,60840
526,2019-06-30T00:00:00.000Z,2019-06-29T00:00:00.000Z,45420
527,2019-07-01T00:00:00.000Z,2019-06-30T00:00:00.000Z,40742
528,2019-07-02T00:00:00.000Z,2019-07-01T00:00:00.000Z,51972
529,2019-07-03T00:00:00.000Z,2019-07-02T00:00:00.000Z,56405
530,2019-07-04T00:00:00.000Z,2019-07-03T00:00:00.000Z,57584
531,2019-07-05T00:00:00.000Z,2019-07-04T00:00:00.000Z,49233
532,2019-07-06T00:00:00.000Z,2019-07-05T00:00:00.000Z,44324
533,2019-07-07T00:00:00.000Z,2019-07-06T00:00:00.000Z,36045
534,2019-07-08T00:00:00.000Z,2019-07-07T00:00:00.000Z,35846
535,2019-07-09T00:00:00.000Z,2019-07-08T00:00:00.000Z,49753
536,2019-07-10T00:00:00.000Z,2019-07-09T00:00:00.000Z,54376
537,2019-07-11T00:00:00.000Z,2019-07-10T00:00:00.000Z,63575
538,2019-07-12T00:00:00.000Z,2019-07-11T00:00:00.000Z,52682
539,2019-07-13T00:00:00.000Z,2019-07-12T00:00:00.000Z,82417
540,2019-07-14T00:00:00.000Z,2019-07-13T00:00:00.000Z,53568
541,2019-07-15T00:00:00.000Z,2019-07-14T00:00:00.000Z,48391
542,2019-07-16T00:00:00.000Z,2019-07-15T00:00:00.000Z,57548
543,2019-07-17T00:00:00.000Z,2019-07-16T00:00:00.000Z,59595
544,2019-07-18T00:00:00.000Z,2019-07-17T00:00:00.000Z,61847
545,2019-07-19T00:00:00.000Z,2019-07-18T00:00:00.000Z,60408
546,2019-07-20T00:00:00.000Z,2019-07-19T00:00:00.000Z,56523
547,2019-07-21T00:00:00.000Z,2019-07-20T00:00:00.000Z,44112
548,2019-07-22T00:00:00.000Z,2019-07-21T00:00:00.000Z,40759
549,2019-07-23T00:00:00.000Z,2019-07-22T00:00:00.000Z,52221
550,2019-07-24T00:00:00.000Z,2019-07-23T00:00:00.000Z,48017
551,2019-07-26T00:00:00.000Z,2019-07-25T00:00:00.000Z,52515
552,2019-07-27T00:00:00.000Z,2019-07-26T00:00:00.000Z,73683
553,2019-07-28T00:00:00.000Z,2019-07-27T00:00:00.000Z,44965
554,2019-07-29T00:00:00.000Z,2019-07-28T00:00:00.000Z,36040
555,2019-07-30T00:00:00.000Z,2019-07-29T00:00:00.000Z,46267
556,2019-07-31T00:00:00.000Z,2019-07-30T00:00:00.000Z,46431
557,2019-08-01T00:00:00.000Z,2019-07-31T00:00:00.000Z,50559
558,2019-08-02T00:00:00.000Z,2019-08-01T00:00:00.000Z,51873
559,2019-08-03T00:00:00.000Z,2019-08-02T00:00:00.000Z,49812
560,2019-08-04T00:00:00.000Z,2019-08-03T00:00:00.000Z,38964
561,2019-08-05T00:00:00.000Z,2019-08-04T00:00:00.000Z,37300
562,2019-08-06T00:00:00.000Z,2019-08-05T00:00:00.000Z,58022
563,2019-08-07T00:00:00.000Z,2019-08-06T00:00:00.000Z,54331
564,2019-08-08T00:00:00.000Z,2019-08-07T00:00:00.000Z,50613
565,2019-08-09T00:00:00.000Z,2019-08-08T00:00:00.000Z,45423
566,2019-08-10T00:00:00.000Z,2019-08-09T00:00:00.000Z,46521
567,2019-08-11T00:00:00.000Z,2019-08-10T00:00:00.000Z,37258
568,2019-08-12T00:00:00.000Z,2019-08-11T00:00:00.000Z,34767
569,2019-08-13T00:00:00.000Z,2019-08-12T00:00:00.000Z,46676
570,2019-08-14T00:00:00.000Z,2019-08-13T00:00:00.000Z,50144
571,2019-08-15T00:00:00.000Z,2019-08-14T00:00:00.000Z,52313
572,2019-08-16T00:00:00.000Z,2019-08-15T00:00:00.000Z,48302
573,2019-08-17T00:00:00.000Z,2019-08-16T00:00:00.000Z,46781
574,2019-08-18T00:00:00.000Z,2019-08-17T00:00:00.000Z,37463
575,2019-08-19T00:00:00.000Z,2019-08-18T00:00:00.000Z,35171
576,2019-08-20T00:00:00.000Z,2019-08-19T00:00:00.000Z,42995
577,2019-08-21T00:00:00.000Z,2019-08-20T00:00:00.000Z,46839
578,2019-08-22T00:00:00.000Z,2019-08-21T00:00:00.000Z,48365
579,2019-08-23T00:00:00.000Z,2019-08-22T00:00:00.000Z,46339
580,2019-08-25T00:00:00.000Z,2019-08-24T00:00:00.000Z,38269
581,2019-08-26T00:00:00.000Z,2019-08-25T00:00:00.000Z,34492
582,2019-08-27T00:00:00.000Z,2019-08-26T00:00:00.000Z,41949
583,2019-08-28T00:00:00.000Z,2019-08-27T00:00:00.000Z,47380
584,2019-08-29T00:00:00.000Z,2019-08-28T00:00:00.000Z,48371
585,2019-08-30T00:00:00.000Z,2019-08-29T00:00:00.000Z,45783
586,2019-08-31T00:00:00.000Z,2019-08-30T00:00:00.000Z,42216
587,2019-09-01T00:00:00.000Z,2019-08-31T00:00:00.000Z,35021
588,2019-09-02T00:00:00.000Z,2019-09-01T00:00:00.000Z,36046
589,2019-09-03T00:00:00.000Z,2019-09-02T00:00:00.000Z,45650
590,2019-09-04T00:00:00.000Z,2019-09-03T00:00:00.000Z,51499
591,2019-09-05T00:00:00.000Z,2019-09-04T00:00:00.000Z,45641
592,2019-09-06T00:00:00.000Z,2019-09-05T00:00:00.000Z,43290
593,2019-09-07T00:00:00.000Z,2019-09-06T00:00:00.000Z,53437
594,2019-09-08T00:00:00.000Z,2019-09-07T00:00:00.000Z,38618
595,2019-09-09T00:00:00.000Z,2019-09-08T00:00:00.000Z,35564
596,2019-09-10T00:00:00.000Z,2019-09-09T00:00:00.000Z,45190
597,2019-09-11T00:00:00.000Z,2019-09-10T00:00:00.000Z,46021
598,2019-09-12T00:00:00.000Z,2019-09-11T00:00:00.000Z,44271
599,2019-09-13T00:00:00.000Z,2019-09-12T00:00:00.000Z,45296
600,2019-09-14T00:00:00.000Z,2019-09-13T00:00:00.000Z,40495
601,2019-09-15T00:00:00.000Z,2019-09-14T00:00:00.000Z,34487
602,2019-09-16T00:00:00.000Z,2019-09-15T00:00:00.000Z,34610
603,2019-09-17T00:00:00.000Z,2019-09-16T00:00:00.000Z,48504
604,2019-09-18T00:00:00.000Z,2019-09-17T00:00:00.000Z,45202
605,2019-09-19T00:00:00.000Z,2019-09-18T00:00:00.000Z,48042
606,2019-09-20T00:00:00.000Z,2019-09-19T00:00:00.000Z,45964
607,2019-09-21T00:00:00.000Z,2019-09-20T00:00:00.000Z,43900
608,2019-09-22T00:00:00.000Z,2019-09-21T00:00:00.000Z,34949
609,2019-09-24T00:00:00.000Z,2019-09-23T00:00:00.000Z,51845
610,2019-09-25T00:00:00.000Z,2019-09-24T00:00:00.000Z,53618
611,2019-09-26T00:00:00.000Z,2019-09-25T00:00:00.000Z,55227
612,2019-09-27T00:00:00.000Z,2019-09-26T00:00:00.000Z,47139
613,2019-09-28T00:00:00.000Z,2019-09-27T00:00:00.000Z,45611
614,2019-09-29T00:00:00.000Z,2019-09-28T00:00:00.000Z,35204
615,2019-09-30T00:00:00.000Z,2019-09-29T00:00:00.000Z,33647
616,2019-10-01T00:00:00.000Z,2019-09-30T00:00:00.000Z,40858
617,2019-10-02T00:00:00.000Z,2019-10-01T00:00:00.000Z,44695
618,2019-10-03T00:00:00.000Z,2019-10-02T00:00:00.000Z,39672
619,2019-10-04T00:00:00.000Z,2019-10-03T00:00:00.000Z,41035
620,2019-10-05T00:00:00.000Z,2019-10-04T00:00:00.000Z,38030
621,2019-10-06T00:00:00.000Z,2019-10-05T00:00:00.000Z,33623
622,2019-10-07T00:00:00.000Z,2019-10-06T00:00:00.000Z,36213
623,2019-10-08T00:00:00.000Z,2019-10-07T00:00:00.000Z,41906
624,2019-10-09T00:00:00.000Z,2019-10-08T00:00:00.000Z,38828
625,2019-10-10T00:00:00.000Z,2019-10-09T00:00:00.000Z,43485
626,2019-10-11T00:00:00.000Z,2019-10-10T00:00:00.000Z,43906
627,2019-10-12T00:00:00.000Z,2019-10-11T00:00:00.000Z,42026
628,2019-10-13T00:00:00.000Z,2019-10-12T00:00:00.000Z,32959
629,2019-10-14T00:00:00.000Z,2019-10-13T00:00:00.000Z,32773
630,2019-10-15T00:00:00.000Z,2019-10-14T00:00:00.000Z,37851
631,2019-10-16T00:00:00.000Z,2019-10-15T00:00:00.000Z,41572
632,2019-10-17T00:00:00.000Z,2019-10-16T00:00:00.000Z,47042
633,2019-10-18T00:00:00.000Z,2019-10-17T00:00:00.000Z,47195
634,2019-10-19T00:00:00.000Z,2019-10-18T00:00:00.000Z,44062
635,2019-10-20T00:00:00.000Z,2019-10-19T00:00:00.000Z,38484
636,2019-10-21T00:00:00.000Z,2019-10-20T00:00:00.000Z,34918
637,2019-10-22T00:00:00.000Z,2019-10-21T00:00:00.000Z,41765
638,2019-10-24T00:00:00.000Z,2019-10-23T00:00:00.000Z,48826
639,2019-10-25T00:00:00.000Z,2019-10-24T00:00:00.000Z,46813
640,2019-10-26T00:00:00.000Z,2019-10-25T00:00:00.000Z,52920
641,2019-10-27T00:00:00.000Z,2019-10-26T00:00:00.000Z,59795
642,2019-10-28T00:00:00.000Z,2019-10-27T00:00:00.000Z,40656
643,2019-10-29T00:00:00.000Z,2019-10-28T00:00:00.000Z,48553
644,2019-10-30T00:00:00.000Z,2019-10-29T00:00:00.000Z,47494
645,2019-10-31T00:00:00.000Z,2019-10-30T00:00:00.000Z,46147
646,2019-11-01T00:00:00.000Z,2019-10-31T00:00:00.000Z,52404
647,2019-11-02T00:00:00.000Z,2019-11-01T00:00:00.000Z,45066
648,2019-11-03T00:00:00.000Z,2019-11-02T00:00:00.000Z,37488
649,2019-11-04T00:00:00.000Z,2019-11-03T00:00:00.000Z,33484
650,2019-11-05T00:00:00.000Z,2019-11-04T00:00:00.000Z,45344
651,2019-11-06T00:00:00.000Z,2019-11-05T00:00:00.000Z,45647
652,2019-11-07T00:00:00.000Z,2019-11-06T00:00:00.000Z,45312
653,2019-11-08T00:00:00.000Z,2019-11-07T00:00:00.000Z,41528
654,2019-11-09T00:00:00.000Z,2019-11-08T00:00:00.000Z,42231
655,2019-11-10T00:00:00.000Z,2019-11-09T00:00:00.000Z,34779
656,2019-11-11T00:00:00.000Z,2019-11-10T00:00:00.000Z,34387
657,2019-11-12T00:00:00.000Z,2019-11-11T00:00:00.000Z,45865
658,2019-11-13T00:00:00.000Z,2019-11-12T00:00:00.000Z,43863
659,2019-11-14T00:00:00.000Z,2019-11-13T00:00:00.000Z,41307
660,2019-11-15T00:00:00.000Z,2019-11-14T00:00:00.000Z,44703
661,2019-11-16T00:00:00.000Z,2019-11-15T00:00:00.000Z,40125
662,2019-11-17T00:00:00.000Z,2019-11-16T00:00:00.000Z,32091
663,2019-11-18T00:00:00.000Z,2019-11-17T00:00:00.000Z,32562
664,2019-11-19T00:00:00.000Z,2019-11-18T00:00:00.000Z,42273
665,2019-11-20T00:00:00.000Z,2019-11-19T00:00:00.000Z,44483
666,2019-11-21T00:00:00.000Z,2019-11-20T00:00:00.000Z,45628
667,2019-11-23T00:00:00.000Z,2019-11-22T00:00:00.000Z,50464
668,2019-11-24T00:00:00.000Z,2019-11-23T00:00:00.000Z,35802
669,2019-11-25T00:00:00.000Z,2019-11-24T00:00:00.000Z,35705
670,2019-11-26T00:00:00.000Z,2019-11-25T00:00:00.000Z,49740
671,2019-11-27T00:00:00.000Z,2019-11-26T00:00:00.000Z,48813
672,2019-11-28T00:00:00.000Z,2019-11-27T00:00:00.000Z,47135
673,2019-11-29T00:00:00.000Z,2019-11-28T00:00:00.000Z,41377
674,2019-11-30T00:00:00.000Z,2019-11-29T00:00:00.000Z,41470
675,2019-12-01T00:00:00.000Z,2019-11-30T00:00:00.000Z,33195
676,2019-12-02T00:00:00.000Z,2019-12-01T00:00:00.000Z,30448
677,2019-12-03T00:00:00.000Z,2019-12-02T00:00:00.000Z,38085
678,2019-12-04T00:00:00.000Z,2019-12-03T00:00:00.000Z,39535
679,2019-12-05T00:00:00.000Z,2019-12-04T00:00:00.000Z,44914
680,2019-12-06T00:00:00.000Z,2019-12-05T00:00:00.000Z,44792
681,2019-12-07T00:00:00.000Z,2019-12-06T00:00:00.000Z,39165
682,2019-12-08T00:00:00.000Z,2019-12-07T00:00:00.000Z,33395
683,2019-12-09T00:00:00.000Z,2019-12-08T00:00:00.000Z,33208
684,2019-12-10T00:00:00.000Z,2019-12-09T00:00:00.000Z,41420
685,2019-12-11T00:00:00.000Z,2019-12-10T00:00:00.000Z,39826
686,2019-12-12T00:00:00.000Z,2019-12-11T00:00:00.000Z,40681
687,2019-12-13T00:00:00.000Z,2019-12-12T00:00:00.000Z,41091
688,2019-12-14T00:00:00.000Z,2019-12-13T00:00:00.000Z,39559
689,2019-12-15T00:00:00.000Z,2019-12-14T00:00:00.000Z,38114
690,2019-12-16T00:00:00.000Z,2019-12-15T00:00:00.000Z,34107
691,2019-12-17T00:00:00.000Z,2019-12-16T00:00:00.000Z,43930
692,2019-12-18T00:00:00.000Z,2019-12-17T00:00:00.000Z,47494
693,2019-12-19T00:00:00.000Z,2019-12-18T00:00:00.000Z,46215
694,2019-12-20T00:00:00.000Z,2019-12-19T00:00:00.000Z,49945
695,2019-12-21T00:00:00.000Z,2019-12-20T00:00:00.000Z,43875
696,2019-12-23T00:00:00.000Z,2019-12-22T00:00:00.000Z,35021
697,2019-12-24T00:00:00.000Z,2019-12-23T00:00:00.000Z,42669
698,2019-12-25T00:00:00.000Z,2019-12-24T00:00:00.000Z,38684
699,2019-12-26T00:00:00.000Z,2019-12-25T00:00:00.000Z,35553
700,2019-12-27T00:00:00.000Z,2019-12-26T00:00:00.000Z,40598
701,2019-12-28T00:00:00.000Z,2019-12-27T00:00:00.000Z,39082
702,2019-12-29T00:00:00.000Z,2019-12-28T00:00:00.000Z,34957
703,2019-12-30T00:00:00.000Z,2019-12-29T00:00:00.000Z,34194
704,2019-12-31T00:00:00.000Z,2019-12-30T00:00:00.000Z,37180
705,2020-01-01T00:00:00.000Z,2019-12-31T00:00:00.000Z,36416
706,2020-01-02T00:00:00.000Z,2020-01-01T00:00:00.000Z,33655
707,2020-01-03T00:00:00.000Z,2020-01-02T00:00:00.000Z,40596
708,2020-01-04T00:00:00.000Z,2020-01-03T00:00:00.000Z,46410
709,2020-01-05T00:00:00.000Z,2020-01-04T00:00:00.000Z,37117
710,2020-01-06T00:00:00.000Z,2020-01-05T00:00:00.000Z,35723
711,2020-01-07T00:00:00.000Z,2020-01-06T00:00:00.000Z,40750
712,2020-01-08T00:00:00.000Z,2020-01-07T00:00:00.000Z,48765
713,2020-01-09T00:00:00.000Z,2020-01-08T00:00:00.000Z,49757
714,2020-01-10T00:00:00.000Z,2020-01-09T00:00:00.000Z,47433
715,2020-01-11T00:00:00.000Z,2020-01-10T00:00:00.000Z,54206
716,2020-01-12T00:00:00.000Z,2020-01-11T00:00:00.000Z,41389
717,2020-01-13T00:00:00.000Z,2020-01-12T00:00:00.000Z,35276
718,2020-01-14T00:00:00.000Z,2020-01-13T00:00:00.000Z,39585
719,2020-01-15T00:00:00.000Z,2020-01-14T00:00:00.000Z,53205
720,2020-01-16T00:00:00.000Z,2020-01-15T00:00:00.000Z,49755
721,2020-01-17T00:00:00.000Z,2020-01-16T00:00:00.000Z,45824
722,2020-01-18T00:00:00.000Z,2020-01-17T00:00:00.000Z,44428
723,2020-01-19T00:00:00.000Z,2020-01-18T00:00:00.000Z,41394
724,2020-01-20T00:00:00.000Z,2020-01-19T00:00:00.000Z,44758
725,2020-01-22T00:00:00.000Z,2020-01-21T00:00:00.000Z,49397
726,2020-01-23T00:00:00.000Z,2020-01-22T00:00:00.000Z,44467
727,2020-01-24T00:00:00.000Z,2020-01-23T00:00:00.000Z,44515
728,2020-01-25T00:00:00.000Z,2020-01-24T00:00:00.000Z,40794
729,2020-01-26T00:00:00.000Z,2020-01-25T00:00:00.000Z,34762
730,2020-01-27T00:00:00.000Z,2020-01-26T00:00:00.000Z,33642
731,2020-01-28T00:00:00.000Z,2020-01-27T00:00:00.000Z,43566
732,2020-01-29T00:00:00.000Z,2020-01-28T00:00:00.000Z,50246
733,2020-01-30T00:00:00.000Z,2020-01-29T00:00:00.000Z,52377
734,2020-01-31T00:00:00.000Z,2020-01-30T00:00:00.000Z,45122
735,2020-02-01T00:00:00.000Z,2020-01-31T00:00:00.000Z,44925
736,2020-02-02T00:00:00.000Z,2020-02-01T00:00:00.000Z,37305
737,2020-02-03T00:00:00.000Z,2020-02-02T00:00:00.000Z,80040
738,2020-02-04T00:00:00.000Z,2020-02-03T00:00:00.000Z,53833
739,2020-02-05T00:00:00.000Z,2020-02-04T00:00:00.000Z,53845
740,2020-02-06T00:00:00.000Z,2020-02-05T00:00:00.000Z,61152
741,2020-02-07T00:00:00.000Z,2020-02-06T00:00:00.000Z,56455
742,2020-02-08T00:00:00.000Z,2020-02-07T00:00:00.000Z,48798
743,2020-02-09T00:00:00.000Z,2020-02-08T00:00:00.000Z,41385
744,2020-02-10T00:00:00.000Z,2020-02-09T00:00:00.000Z,61392
745,2020-02-11T00:00:00.000Z,2020-02-10T00:00:00.000Z,50225
746,2020-02-12T00:00:00.000Z,2020-02-11T00:00:00.000Z,53123
747,2020-02-13T00:00:00.000Z,2020-02-12T00:00:00.000Z,54051
748,2020-02-14T00:00:00.000Z,2020-02-13T00:00:00.000Z,53779
749,2020-02-15T00:00:00.000Z,2020-02-14T00:00:00.000Z,53229
750,2020-02-16T00:00:00.000Z,2020-02-15T00:00:00.000Z,43694
751,2020-02-17T00:00:00.000Z,2020-02-16T00:00:00.000Z,42520
752,2020-02-18T00:00:00.000Z,2020-02-17T00:00:00.000Z,47218
753,2020-02-19T00:00:00.000Z,2020-02-18T00:00:00.000Z,52727
754,2020-02-21T00:00:00.000Z,2020-02-20T00:00:00.000Z,50166
755,2020-02-22T00:00:00.000Z,2020-02-21T00:00:00.000Z,47862
756,2020-02-23T00:00:00.000Z,2020-02-22T00:00:00.000Z,42668
757,2020-02-24T00:00:00.000Z,2020-02-23T00:00:00.000Z,41844
758,2020-02-25T00:00:00.000Z,2020-02-24T00:00:00.000Z,52416
759,2020-02-26T00:00:00.000Z,2020-02-25T00:00:00.000Z,52557
760,2020-02-27T00:00:00.000Z,2020-02-26T00:00:00.000Z,54801
761,2020-02-28T00:00:00.000Z,2020-02-27T00:00:00.000Z,51003
762,2020-02-29T00:00:00.000Z,2020-02-28T00:00:00.000Z,54086
763,2020-03-01T00:00:00.000Z,2020-02-29T00:00:00.000Z,39376
764,2020-03-02T00:00:00.000Z,2020-03-01T00:00:00.000Z,38644
765,2020-03-03T00:00:00.000Z,2020-03-02T00:00:00.000Z,45213
766,2020-03-04T00:00:00.000Z,2020-03-03T00:00:00.000Z,49334
767,2020-03-05T00:00:00.000Z,2020-03-04T00:00:00.000Z,55066
768,2020-03-06T00:00:00.000Z,2020-03-05T00:00:00.000Z,52344
769,2020-03-07T00:00:00.000Z,2020-03-06T00:00:00.000Z,45807
770,2020-03-08T00:00:00.000Z,2020-03-07T00:00:00.000Z,37903
771,2020-03-09T00:00:00.000Z,2020-03-08T00:00:00.000Z,47928
772,2020-03-10T00:00:00.000Z,2020-03-09T00:00:00.000Z,65274
773,2020-03-11T00:00:00.000Z,2020-03-10T00:00:00.000Z,48708
774,2020-03-12T00:00:00.000Z,2020-03-11T00:00:00.000Z,45066
775,2020-03-13T00:00:00.000Z,2020-03-12T00:00:00.000Z,84336
776,2020-03-14T00:00:00.000Z,2020-03-13T00:00:00.000Z,91638
777,2020-03-15T00:00:00.000Z,2020-03-14T00:00:00.000Z,48547
778,2020-03-16T00:00:00.000Z,2020-03-15T00:00:00.000Z,43921
779,2020-03-17T00:00:00.000Z,2020-03-16T00:00:00.000Z,57142
780,2020-03-18T00:00:00.000Z,2020-03-17T00:00:00.000Z,50620
781,2020-03-19T00:00:00.000Z,2020-03-18T00:00:00.000Z,51416
782,2020-03-20T00:00:00.000Z,2020-03-19T00:00:00.000Z,57655
783,2020-03-22T00:00:00.000Z,2020-03-21T00:00:00.000Z,55671
784,2020-03-23T00:00:00.000Z,2020-03-22T00:00:00.000Z,44208
785,2020-03-24T00:00:00.000Z,2020-03-23T00:00:00.000Z,51212
786,2020-03-25T00:00:00.000Z,2020-03-24T00:00:00.000Z,52905
787,2020-03-26T00:00:00.000Z,2020-03-25T00:00:00.000Z,51566
788,2020-03-27T00:00:00.000Z,2020-03-26T00:00:00.000Z,48855
789,2020-03-28T00:00:00.000Z,2020-03-27T00:00:00.000Z,46505
790,2020-03-29T00:00:00.000Z,2020-03-28T00:00:00.000Z,39473
791,2020-03-30T00:00:00.000Z,2020-03-29T00:00:00.000Z,39106
792,2020-03-31T00:00:00.000Z,2020-03-30T00:00:00.000Z,45154
793,2020-04-01T00:00:00.000Z,2020-03-31T00:00:00.000Z,46477
794,2020-04-02T00:00:00.000Z,2020-04-01T00:00:00.000Z,48778
795,2020-04-03T00:00:00.000Z,2020-04-02T00:00:00.000Z,53876
796,2020-04-04T00:00:00.000Z,2020-04-03T00:00:00.000Z,54394
797,2020-04-05T00:00:00.000Z,2020-04-04T00:00:00.000Z,47670
798,2020-04-06T00:00:00.000Z,2020-04-05T00:00:00.000Z,51097
799,2020-04-07T00:00:00.000Z,2020-04-06T00:00:00.000Z,62114
800,2020-04-08T00:00:00.000Z,2020-04-07T00:00:00.000Z,58944
801,2020-04-09T00:00:00.000Z,2020-04-08T00:00:00.000Z,52510
802,2020-04-10T00:00:00.000Z,2020-04-09T00:00:00.000Z,51578
803,2020-04-11T00:00:00.000Z,2020-04-10T00:00:00.000Z,49908
804,2020-04-12T00:00:00.000Z,2020-04-11T00:00:00.000Z,40097
805,2020-04-13T00:00:00.000Z,2020-04-12T00:00:00.000Z,41919
806,2020-04-14T00:00:00.000Z,2020-04-13T00:00:00.000Z,50631
807,2020-04-15T00:00:00.000Z,2020-04-14T00:00:00.000Z,56248
808,2020-04-16T00:00:00.000Z,2020-04-15T00:00:00.000Z,54865
809,2020-04-17T00:00:00.000Z,2020-04-16T00:00:00.000Z,55296
810,2020-04-18T00:00:00.000Z,2020-04-17T00:00:00.000Z,52221
811,2020-04-19T00:00:00.000Z,2020-04-18T00:00:00.000Z,45114
812,2020-04-21T00:00:00.000Z,2020-04-20T00:00:00.000Z,57692
813,2020-04-22T00:00:00.000Z,2020-04-21T00:00:00.000Z,57359
814,2020-04-23T00:00:00.000Z,2020-04-22T00:00:00.000Z,52660
815,2020-04-24T00:00:00.000Z,2020-04-23T00:00:00.000Z,59266
816,2020-04-25T00:00:00.000Z,2020-04-24T00:00:00.000Z,58120
817,2020-04-26T00:00:00.000Z,2020-04-25T00:00:00.000Z,52499
818,2020-04-27T00:00:00.000Z,2020-04-26T00:00:00.000Z,49249
819,2020-04-28T00:00:00.000Z,2020-04-27T00:00:00.000Z,58429
820,2020-04-29T00:00:00.000Z,2020-04-28T00:00:00.000Z,60290
821,2020-04-30T00:00:00.000Z,2020-04-29T00:00:00.000Z,75284
822,2020-05-01T00:00:00.000Z,2020-04-30T00:00:00.000Z,77288
823,2020-05-02T00:00:00.000Z,2020-05-01T00:00:00.000Z,64946
824,2020-05-03T00:00:00.000Z,2020-05-02T00:00:00.000Z,63561
825,2020-05-04T00:00:00.000Z,2020-05-03T00:00:00.000Z,58482
826,2020-05-05T00:00:00.000Z,2020-05-04T00:00:00.000Z,66202
827,2020-05-06T00:00:00.000Z,2020-05-05T00:00:00.000Z,77400
828,2020-05-07T00:00:00.000Z,2020-05-06T00:00:00.000Z,81841
829,2020-05-08T00:00:00.000Z,2020-05-07T00:00:00.000Z,91752
830,2020-05-09T00:00:00.000Z,2020-05-08T00:00:00.000Z,91407
831,2020-05-10T00:00:00.000Z,2020-05-09T00:00:00.000Z,66379
832,2020-05-11T00:00:00.000Z,2020-05-10T00:00:00.000Z,69595
833,2020-05-12T00:00:00.000Z,2020-05-11T00:00:00.000Z,128357
834,2020-05-13T00:00:00.000Z,2020-05-12T00:00:00.000Z,91567
835,2020-05-14T00:00:00.000Z,2020-05-13T00:00:00.000Z,70292
836,2020-05-15T00:00:00.000Z,2020-05-14T00:00:00.000Z,69224
837,2020-05-16T00:00:00.000Z,2020-05-15T00:00:00.000Z,68259
838,2020-05-17T00:00:00.000Z,2020-05-16T00:00:00.000Z,76630
839,2020-05-18T00:00:00.000Z,2020-05-17T00:00:00.000Z,55927
840,2020-05-19T00:00:00.000Z,2020-05-18T00:00:00.000Z,68040
841,2020-05-21T00:00:00.000Z,2020-05-20T00:00:00.000Z,66386
842,2020-05-22T00:00:00.000Z,2020-05-21T00:00:00.000Z,61340
843,2020-05-23T00:00:00.000Z,2020-05-22T00:00:00.000Z,70715
844,2020-05-24T00:00:00.000Z,2020-05-23T00:00:00.000Z,48184
845,2020-05-25T00:00:00.000Z,2020-05-24T00:00:00.000Z,48739
846,2020-05-26T00:00:00.000Z,2020-05-25T00:00:00.000Z,58618
847,2020-05-27T00:00:00.000Z,2020-05-26T00:00:00.000Z,51837
848,2020-05-28T00:00:00.000Z,2020-05-27T00:00:00.000Z,61924
849,2020-05-29T00:00:00.000Z,2020-05-28T00:00:00.000Z,64391
850,2020-05-30T00:00:00.000Z,2020-05-29T00:00:00.000Z,54644
851,2020-05-31T00:00:00.000Z,2020-05-30T00:00:00.000Z,45826
852,2020-06-01T00:00:00.000Z,2020-05-31T00:00:00.000Z,44626
853,2020-06-02T00:00:00.000Z,2020-06-01T00:00:00.000Z,56184
854,2020-06-03T00:00:00.000Z,2020-06-02T00:00:00.000Z,76459
855,2020-06-04T00:00:00.000Z,2020-06-03T00:00:00.000Z,60511
856,2020-06-05T00:00:00.000Z,2020-06-04T00:00:00.000Z,57446
857,2020-06-06T00:00:00.000Z,2020-06-05T00:00:00.000Z,56209
858,2020-06-07T00:00:00.000Z,2020-06-06T00:00:00.000Z,46743
859,2020-06-08T00:00:00.000Z,2020-06-07T00:00:00.000Z,45882
860,2020-06-09T00:00:00.000Z,2020-06-08T00:00:00.000Z,52964
861,2020-06-10T00:00:00.000Z,2020-06-09T00:00:00.000Z,59108
862,2020-06-11T00:00:00.000Z,2020-06-10T00:00:00.000Z,62247
863,2020-06-12T00:00:00.000Z,2020-06-11T00:00:00.000Z,63139
864,2020-06-13T00:00:00.000Z,2020-06-12T00:00:00.000Z,55652
865,2020-06-14T00:00:00.000Z,2020-06-13T00:00:00.000Z,49960
866,2020-06-15T00:00:00.000Z,2020-06-14T00:00:00.000Z,44939
867,2020-06-16T00:00:00.000Z,2020-06-15T00:00:00.000Z,54165
868,2020-06-17T00:00:00.000Z,2020-06-16T00:00:00.000Z,55190
869,2020-06-18T00:00:00.000Z,2020-06-17T00:00:00.000Z,50194
870,2020-06-20T00:00:00.000Z,2020-06-19T00:00:00.000Z,48927
871,2020-06-21T00:00:00.000Z,2020-06-20T00:00:00.000Z,44447
872,2020-06-22T00:00:00.000Z,2020-06-21T00:00:00.000Z,43530
873,2020-06-23T00:00:00.000Z,2020-06-22T00:00:00.000Z,59347
874,2020-06-24T00:00:00.000Z,2020-06-23T00:00:00.000Z,61026
875,2020-06-25T00:00:00.000Z,2020-06-24T00:00:00.000Z,56257
876,2020-06-26T00:00:00.000Z,2020-06-25T00:00:00.000Z,58632
877,2020-06-27T00:00:00.000Z,2020-06-26T00:00:00.000Z,52115
878,2020-06-28T00:00:00.000Z,2020-06-27T00:00:00.000Z,49049
879,2020-06-29T00:00:00.000Z,2020-06-28T00:00:00.000Z,48693
880,2020-06-30T00:00:00.000Z,2020-06-29T00:00:00.000Z,50039
881,2020-07-01T00:00:00.000Z,2020-06-30T00:00:00.000Z,63553
882,2020-07-02T00:00:00.000Z,2020-07-01T00:00:00.000Z,56260
883,2020-07-03T00:00:00.000Z,2020-07-02T00:00:00.000Z,55557
884,2020-07-04T00:00:00.000Z,2020-07-03T00:00:00.000Z,50314
885,2020-07-05T00:00:00.000Z,2020-07-04T00:00:00.000Z,44624
886,2020-07-06T00:00:00.000Z,2020-07-05T00:00:00.000Z,42465
887,2020-07-07T00:00:00.000Z,2020-07-06T00:00:00.000Z,61457
888,2020-07-08T00:00:00.000Z,2020-07-07T00:00:00.000Z,49143
889,2020-07-09T00:00:00.000Z,2020-07-08T00:00:00.000Z,49541
890,2020-07-10T00:00:00.000Z,2020-07-09T00:00:00.000Z,58523
891,2020-07-11T00:00:00.000Z,2020-07-10T00:00:00.000Z,58593
892,2020-07-12T00:00:00.000Z,2020-07-11T00:00:00.000Z,43332
893,2020-07-13T00:00:00.000Z,2020-07-12T00:00:00.000Z,41469
894,2020-07-14T00:00:00.000Z,2020-07-13T00:00:00.000Z,50649
895,2020-07-15T00:00:00.000Z,2020-07-14T00:00:00.000Z,59775
896,2020-07-16T00:00:00.000Z,2020-07-15T00:00:00.000Z,223820
897,2020-07-17T00:00:00.000Z,2020-07-16T00:00:00.000Z,201567
898,2020-07-18T00:00:00.000Z,2020-07-17T00:00:00.000Z,65923
899,2020-07-20T00:00:00.000Z,2020-07-19T00:00:00.000Z,42071
900,2020-07-21T00:00:00.000Z,2020-07-20T00:00:00.000Z,52634
901,2020-07-22T00:00:00.000Z,2020-07-21T00:00:00.000Z,55508
902,2020-07-23T00:00:00.000Z,2020-07-22T00:00:00.000Z,58987
903,2020-07-24T00:00:00.000Z,2020-07-23T00:00:00.000Z,62970
904,2020-07-25T00:00:00.000Z,2020-07-24T00:00:00.000Z,60592
905,2020-07-26T00:00:00.000Z,2020-07-25T00:00:00.000Z,53731
906,2020-07-27T00:00:00.000Z,2020-07-26T00:00:00.000Z,53623
907,2020-07-28T00:00:00.000Z,2020-07-27T00:00:00.000Z,97213
908,2020-07-29T00:00:00.000Z,2020-07-28T00:00:00.000Z,84259
909,2020-07-30T00:00:00.000Z,2020-07-29T00:00:00.000Z,64186
910,2020-07-31T00:00:00.000Z,2020-07-30T00:00:00.000Z,59579
911,2020-08-01T00:00:00.000Z,2020-07-31T00:00:00.000Z,65448
912,2020-08-02T00:00:00.000Z,2020-08-01T00:00:00.000Z,72787
913,2020-08-03T00:00:00.000Z,2020-08-02T00:00:00.000Z,65416
914,2020-08-04T00:00:00.000Z,2020-08-03T00:00:00.000Z,62901
915,2020-08-05T00:00:00.000Z,2020-08-04T00:00:00.000Z,85285
916,2020-08-06T00:00:00.000Z,2020-08-05T00:00:00.000Z,73824
917,2020-08-07T00:00:00.000Z,2020-08-06T00:00:00.000Z,73288
918,2020-08-08T00:00:00.000Z,2020-08-07T00:00:00.000Z,67253
919,2020-08-09T00:00:00.000Z,2020-08-08T00:00:00.000Z,57384
920,2020-08-10T00:00:00.000Z,2020-08-09T00:00:00.000Z,55485
921,2020-08-11T00:00:00.000Z,2020-08-10T00:00:00.000Z,73287
922,2020-08-12T00:00:00.000Z,2020-08-11T00:00:00.000Z,73894
923,2020-08-13T00:00:00.000Z,2020-08-12T00:00:00.000Z,67649
924,2020-08-14T00:00:00.000Z,2020-08-13T00:00:00.000Z,64347
925,2020-08-15T00:00:00.000Z,2020-08-14T00:00:00.000Z,68644
926,2020-08-16T00:00:00.000Z,2020-08-15T00:00:00.000Z,67475
927,2020-08-17T00:00:00.000Z,2020-08-16T00:00:00.000Z,57952
928,2020-08-19T00:00:00.000Z,2020-08-18T00:00:00.000Z,70467
929,2020-08-20T00:00:00.000Z,2020-08-19T00:00:00.000Z,63290
930,2020-08-21T00:00:00.000Z,2020-08-20T00:00:00.000Z,63221
931,2020-08-22T00:00:00.000Z,2020-08-21T00:00:00.000Z,64755
932,2020-08-23T00:00:00.000Z,2020-08-22T00:00:00.000Z,55023
933,2020-08-24T00:00:00.000Z,2020-08-23T00:00:00.000Z,54530
934,2020-08-25T00:00:00.000Z,2020-08-24T00:00:00.000Z,64896
935,2020-08-26T00:00:00.000Z,2020-08-25T00:00:00.000Z,63849
936,2020-08-27T00:00:00.000Z,2020-08-26T00:00:00.000Z,60102
937,2020-08-28T00:00:00.000Z,2020-08-27T00:00:00.000Z,63043
938,2020-08-29T00:00:00.000Z,2020-08-28T00:00:00.000Z,62135
939,2020-08-30T00:00:00.000Z,2020-08-29T00:00:00.000Z,52107
940,2020-08-31T00:00:00.000Z,2020-08-30T00:00:00.000Z,47598
941,2020-09-01T00:00:00.000Z,2020-08-31T00:00:00.000Z,59697
942,2020-09-02T00:00:00.000Z,2020-09-01T00:00:00.000Z,61918
943,2020-09-03T00:00:00.000Z,2020-09-02T00:00:00.000Z,61824
944,2020-09-04T00:00:00.000Z,2020-09-03T00:00:00.000Z,66649
945,2020-09-05T00:00:00.000Z,2020-09-04T00:00:00.000Z,63032
946,2020-09-06T00:00:00.000Z,2020-09-05T00:00:00.000Z,50592
947,2020-09-07T00:00:00.000Z,2020-09-06T00:00:00.000Z,43016
948,2020-09-08T00:00:00.000Z,2020-09-07T00:00:00.000Z,53448
949,2020-09-09T00:00:00.000Z,2020-09-08T00:00:00.000Z,60819
950,2020-09-10T00:00:00.000Z,2020-09-09T00:00:00.000Z,69030
951,2020-09-11T00:00:00.000Z,2020-09-10T00:00:00.000Z,65353
952,2020-09-12T00:00:00.000Z,2020-09-11T00:00:00.000Z,56613
953,2020-09-13T00:00:00.000Z,2020-09-12T00:00:00.000Z,49526
954,2020-09-14T00:00:00.000Z,2020-09-13T00:00:00.000Z,46757
955,2020-09-15T00:00:00.000Z,2020-09-14T00:00:00.000Z,54548
956,2020-09-16T00:00:00.000Z,2020-09-15T00:00:00.000Z,64918
957,2020-09-18T00:00:00.000Z,2020-09-17T00:00:00.000Z,60004
958,2020-09-19T00:00:00.000Z,2020-09-18T00:00:00.000Z,56683
959,2020-09-20T00:00:00.000Z,2020-09-19T00:00:00.000Z,47549
960,2020-09-21T00:00:00.000Z,2020-09-20T00:00:00.000Z,48919
961,2020-09-22T00:00:00.000Z,2020-09-21T00:00:00.000Z,63983
962,2020-09-23T00:00:00.000Z,2020-09-22T00:00:00.000Z,58926
963,2020-09-24T00:00:00.000Z,2020-09-23T00:00:00.000Z,65480
964,2020-09-25T00:00:00.000Z,2020-09-24T00:00:00.000Z,60151
965,2020-09-26T00:00:00.000Z,2020-09-25T00:00:00.000Z,59676
966,2020-09-27T00:00:00.000Z,2020-09-26T00:00:00.000Z,44076
967,2020-09-28T00:00:00.000Z,2020-09-27T00:00:00.000Z,57191
968,2020-09-29T00:00:00.000Z,2020-09-28T00:00:00.000Z,61332
969,2020-09-30T00:00:00.000Z,2020-09-29T00:00:00.000Z,63220
970,2020-10-01T00:00:00.000Z,2020-09-30T00:00:00.000Z,70552
971,2020-10-02T00:00:00.000Z,2020-10-01T00:00:00.000Z,78398
972,2020-10-03T00:00:00.000Z,2020-10-02T00:00:00.000Z,77087
973,2020-10-04T00:00:00.000Z,2020-10-03T00:00:00.000Z,64861
974,2020-10-05T00:00:00.000Z,2020-10-04T00:00:00.000Z,52835
975,2020-10-06T00:00:00.000Z,2020-10-05T00:00:00.000Z,56588
976,2020-10-07T00:00:00.000Z,2020-10-06T00:00:00.000Z,62339
977,2020-10-08T00:00:00.000Z,2020-10-07T00:00:00.000Z,64501
978,2020-10-09T00:00:00.000Z,2020-10-08T00:00:00.000Z,92502
979,2020-10-10T00:00:00.000Z,2020-10-09T00:00:00.000Z,92531
980,2020-10-11T00:00:00.000Z,2020-10-10T00:00:00.000Z,96081
981,2020-10-12T00:00:00.000Z,2020-10-11T00:00:00.000Z,65818
982,2020-10-13T00:00:00.000Z,2020-10-12T00:00:00.000Z,70054
983,2020-10-14T00:00:00.000Z,2020-10-13T00:00:00.000Z,133566
984,2020-10-15T00:00:00.000Z,2020-10-14T00:00:00.000Z,134537
985,2020-10-16T00:00:00.000Z,2020-10-15T00:00:00.000Z,117757
986,2020-10-18T00:00:00.000Z,2020-10-17T00:00:00.000Z,64484
987,2020-10-19T00:00:00.000Z,2020-10-18T00:00:00.000Z,51174
988,2020-10-20T00:00:00.000Z,2020-10-19T00:00:00.000Z,74088
989,2020-10-21T00:00:00.000Z,2020-10-20T00:00:00.000Z,77873
990,2020-10-22T00:00:00.000Z,2020-10-21T00:00:00.000Z,141052
991,2020-10-23T00:00:00.000Z,2020-10-22T00:00:00.000Z,100512
992,2020-10-24T00:00:00.000Z,2020-10-23T00:00:00.000Z,71936
993,2020-10-25T00:00:00.000Z,2020-10-24T00:00:00.000Z,66652
994,2020-10-26T00:00:00.000Z,2020-10-25T00:00:00.000Z,62796
995,2020-10-27T00:00:00.000Z,2020-10-26T00:00:00.000Z,72642
996,2020-10-28T00:00:00.000Z,2020-10-27T00:00:00.000Z,88015
997,2020-10-29T00:00:00.000Z,2020-10-28T00:00:00.000Z,79999
998,2020-10-30T00:00:00.000Z,2020-10-29T00:00:00.000Z,70701
999,2020-10-31T00:00:00.000Z,2020-10-30T00:00:00.000Z,65152
1000,2020-11-01T00:00:00.000Z,2020-10-31T00:00:00.000Z,76056
1001,2020-11-02T00:00:00.000Z,2020-11-01T00:00:00.000Z,67050
1002,2020-11-03T00:00:00.000Z,2020-11-02T00:00:00.000Z,64972
1003,2020-11-04T00:00:00.000Z,2020-11-03T00:00:00.000Z,75589
1004,2020-11-05T00:00:00.000Z,2020-11-04T00:00:00.000Z,79687
1005,2020-11-06T00:00:00.000Z,2020-11-05T00:00:00.000Z,111985
1006,2020-11-07T00:00:00.000Z,2020-11-06T00:00:00.000Z,103934
1007,2020-11-08T00:00:00.000Z,2020-11-07T00:00:00.000Z,66753
1008,2020-11-09T00:00:00.000Z,2020-11-08T00:00:00.000Z,61799
1009,2020-11-10T00:00:00.000Z,2020-11-09T00:00:00.000Z,77833
1010,2020-11-11T00:00:00.000Z,2020-11-10T00:00:00.000Z,71347
1011,2020-11-12T00:00:00.000Z,2020-11-11T00:00:00.000Z,79005
1012,2020-11-13T00:00:00.000Z,2020-11-12T00:00:00.000Z,92540
1013,2020-11-14T00:00:00.000Z,2020-11-13T00:00:00.000Z,91080
1014,2020-11-15T00:00:00.000Z,2020-11-14T00:00:00.000Z,66924
1015,2020-11-17T00:00:00.000Z,2020-11-16T00:00:00.000Z,90812
1016,2020-11-18T00:00:00.000Z,2020-11-17T00:00:00.000Z,142051
1017,2020-11-19T00:00:00.000Z,2020-11-18T00:00:00.000Z,142111
1018,2020-11-20T00:00:00.000Z,2020-11-19T00:00:00.000Z,91438
1019,2020-11-21T00:00:00.000Z,2020-11-20T00:00:00.000Z,103517
1020,2020-11-22T00:00:00.000Z,2020-11-21T00:00:00.000Z,92764
1021,2020-11-23T00:00:00.000Z,2020-11-22T00:00:00.000Z,75238
1022,2020-11-24T00:00:00.000Z,2020-11-23T00:00:00.000Z,85272
1023,2020-11-25T00:00:00.000Z,2020-11-24T00:00:00.000Z,129579
1024,2020-11-26T00:00:00.000Z,2020-11-25T00:00:00.000Z,94790
1025,2020-11-27T00:00:00.000Z,2020-11-26T00:00:00.000Z,103114
1026,2020-11-28T00:00:00.000Z,2020-11-27T00:00:00.000Z,89525
1027,2020-11-29T00:00:00.000Z,2020-11-28T00:00:00.000Z,73962
1028,2020-11-30T00:00:00.000Z,2020-11-29T00:00:00.000Z,72670
1029,2020-12-01T00:00:00.000Z,2020-11-30T00:00:00.000Z,137313
1030,2020-12-02T00:00:00.000Z,2020-12-01T00:00:00.000Z,117892
1031,2020-12-03T00:00:00.000Z,2020-12-02T00:00:00.000Z,88529
1032,2020-12-04T00:00:00.000Z,2020-12-03T00:00:00.000Z,88654
1033,2020-12-05T00:00:00.000Z,2020-12-04T00:00:00.000Z,90180
1034,2020-12-06T00:00:00.000Z,2020-12-05T00:00:00.000Z,69132
1035,2020-12-07T00:00:00.000Z,2020-12-06T00:00:00.000Z,68864
1036,2020-12-08T00:00:00.000Z,2020-12-07T00:00:00.000Z,79298
1037,2020-12-09T00:00:00.000Z,2020-12-08T00:00:00.000Z,80055
1038,2020-12-10T00:00:00.000Z,2020-12-09T00:00:00.000Z,86555
1039,2020-12-11T00:00:00.000Z,2020-12-10T00:00:00.000Z,80224
1040,2020-12-12T00:00:00.000Z,2020-12-11T00:00:00.000Z,74307
1041,2020-12-13T00:00:00.000Z,2020-12-12T00:00:00.000Z,74604
1042,2020-12-14T00:00:00.000Z,2020-12-13T00:00:00.000Z,75668
1043,2020-12-15T00:00:00.000Z,2020-12-14T00:00:00.000Z,77867
1044,2020-12-17T00:00:00.000Z,2020-12-16T00:00:00.000Z,206704
1045,2020-12-18T00:00:00.000Z,2020-12-17T00:00:00.000Z,225117
1046,2020-12-19T00:00:00.000Z,2020-12-18T00:00:00.000Z,164164
1047,2020-12-20T00:00:00.000Z,2020-12-19T00:00:00.000Z,105640
1048,2020-12-21T00:00:00.000Z,2020-12-20T00:00:00.000Z,129515
1049,2020-12-22T00:00:00.000Z,2020-12-21T00:00:00.000Z,121939
1050,2020-12-23T00:00:00.000Z,2020-12-22T00:00:00.000Z,96497
1051,2020-12-24T00:00:00.000Z,2020-12-23T00:00:00.000Z,90595
1052,2020-12-25T00:00:00.000Z,2020-12-24T00:00:00.000Z,81733
1053,2020-12-26T00:00:00.000Z,2020-12-25T00:00:00.000Z,82763
1054,2020-12-27T00:00:00.000Z,2020-12-26T00:00:00.000Z,133719
1055,2020-12-28T00:00:00.000Z,2020-12-27T00:00:00.000Z,167463
1056,2020-12-29T00:00:00.000Z,2020-12-28T00:00:00.000Z,125495
1057,2020-12-30T00:00:00.000Z,2020-12-29T00:00:00.000Z,150761
1058,2020-12-31T00:00:00.000Z,2020-12-30T00:00:00.000Z,166997
1059,2021-01-01T00:00:00.000Z,2020-12-31T00:00:00.000Z,138017
1060,2021-01-02T00:00:00.000Z,2021-01-01T00:00:00.000Z,105124
1061,2021-01-03T00:00:00.000Z,2021-01-02T00:00:00.000Z,250864
1062,2021-01-04T00:00:00.000Z,2021-01-03T00:00:00.000Z,259426
1063,2021-01-05T00:00:00.000Z,2021-01-04T00:00:00.000Z,176653
1064,2021-01-06T00:00:00.000Z,2021-01-05T00:00:00.000Z,152976
1065,2021-01-07T00:00:00.000Z,2021-01-06T00:00:00.000Z,183243
1066,2021-01-08T00:00:00.000Z,2021-01-07T00:00:00.000Z,257578
1067,2021-01-09T00:00:00.000Z,2021-01-08T00:00:00.000Z,249370
1068,2021-01-10T00:00:00.000Z,2021-01-09T00:00:00.000Z,196165
1069,2021-01-11T00:00:00.000Z,2021-01-10T00:00:00.000Z,156296
1070,2021-01-12T00:00:00.000Z,2021-01-11T00:00:00.000Z,222181
1071,2021-01-13T00:00:00.000Z,2021-01-12T00:00:00.000Z,184995
1072,2021-01-14T00:00:00.000Z,2021-01-13T00:00:00.000Z,192042
1073,2021-01-16T00:00:00.000Z,2021-01-15T00:00:00.000Z,182872
1074,2021-01-17T00:00:00.000Z,2021-01-16T00:00:00.000Z,135756
1075,2021-01-18T00:00:00.000Z,2021-01-17T00:00:00.000Z,128020
1076,2021-01-19T00:00:00.000Z,2021-01-18T00:00:00.000Z,162052
1077,2021-01-20T00:00:00.000Z,2021-01-19T00:00:00.000Z,273355
1078,2021-01-21T00:00:00.000Z,2021-01-20T00:00:00.000Z,141852
1079,2021-01-22T00:00:00.000Z,2021-01-21T00:00:00.000Z,176319
1080,2021-01-23T00:00:00.000Z,2021-01-22T00:00:00.000Z,178216
1081,2021-01-24T00:00:00.000Z,2021-01-23T00:00:00.000Z,117442
1082,2021-01-25T00:00:00.000Z,2021-01-24T00:00:00.000Z,108207
1083,2021-01-26T00:00:00.000Z,2021-01-25T00:00:00.000Z,141769
1084,2021-01-27T00:00:00.000Z,2021-01-26T00:00:00.000Z,123845
1085,2021-01-28T00:00:00.000Z,2021-01-27T00:00:00.000Z,147372
1086,2021-01-29T00:00:00.000Z,2021-01-28T00:00:00.000Z,196590
1087,2021-01-30T00:00:00.000Z,2021-01-29T00:00:00.000Z,333195
1088,2021-01-31T00:00:00.000Z,2021-01-30T00:00:00.000Z,192032
1089,2021-02-01T00:00:00.000Z,2021-01-31T00:00:00.000Z,139570
1090,2021-02-02T00:00:00.000Z,2021-02-01T00:00:00.000Z,202979
1091,2021-02-03T00:00:00.000Z,2021-02-02T00:00:00.000Z,188429
1092,2021-02-04T00:00:00.000Z,2021-02-03T00:00:00.000Z,181702
1093,2021-02-05T00:00:00.000Z,2021-02-04T00:00:00.000Z,156585
1094,2021-02-06T00:00:00.000Z,2021-02-05T00:00:00.000Z,238456
1095,2021-02-07T00:00:00.000Z,2021-02-06T00:00:00.000Z,205503
1096,2021-02-08T00:00:00.000Z,2021-02-07T00:00:00.000Z,208657
1097,2021-02-09T00:00:00.000Z,2021-02-08T00:00:00.000Z,469658
1098,2021-02-10T00:00:00.000Z,2021-02-09T00:00:00.000Z,389340
1099,2021-02-11T00:00:00.000Z,2021-02-10T00:00:00.000Z,308919
1100,2021-02-12T00:00:00.000Z,2021-02-11T00:00:00.000Z,271061
1101,2021-02-13T00:00:00.000Z,2021-02-12T00:00:00.000Z,262312
1102,2021-02-15T00:00:00.000Z,2021-02-14T00:00:00.000Z,189544
1103,2021-02-16T00:00:00.000Z,2021-02-15T00:00:00.000Z,188674
1104,2021-02-17T00:00:00.000Z,2021-02-16T00:00:00.000Z,269379
1105,2021-02-18T00:00:00.000Z,2021-02-17T00:00:00.000Z,283752
1106,2021-02-19T00:00:00.000Z,2021-02-18T00:00:00.000Z,227738
1107,2021-02-20T00:00:00.000Z,2021-02-19T00:00:00.000Z,297512
1108,2021-02-21T00:00:00.000Z,2021-02-20T00:00:00.000Z,905884
1109,2021-02-22T00:00:00.000Z,2021-02-21T00:00:00.000Z,303331
1110,2021-02-23T00:00:00.000Z,2021-02-22T00:00:00.000Z,233736
1111,2021-02-24T00:00:00.000Z,2021-02-23T00:00:00.000Z,273599
1112,2021-02-25T00:00:00.000Z,2021-02-24T00:00:00.000Z,251515
1113,2021-02-26T00:00:00.000Z,2021-02-25T00:00:00.000Z,194151
1114,2021-02-27T00:00:00.000Z,2021-02-26T00:00:00.000Z,191323
1115,2021-02-28T00:00:00.000Z,2021-02-27T00:00:00.000Z,153174
1116,2021-03-01T00:00:00.000Z,2021-02-28T00:00:00.000Z,158384
1117,2021-03-02T00:00:00.000Z,2021-03-01T00:00:00.000Z,213352
1118,2021-03-03T00:00:00.000Z,2021-03-02T00:00:00.000Z,192604
1119,2021-03-04T00:00:00.000Z,2021-03-03T00:00:00.000Z,192549
1120,2021-03-05T00:00:00.000Z,2021-03-04T00:00:00.000Z,162190
1121,2021-03-06T00:00:00.000Z,2021-03-05T00:00:00.000Z,159940
1122,2021-03-07T00:00:00.000Z,2021-03-06T00:00:00.000Z,140186
1123,2021-03-08T00:00:00.000Z,2021-03-07T00:00:00.000Z,171447
1124,2021-03-09T00:00:00.000Z,2021-03-08T00:00:00.000Z,187859
1125,2021-03-10T00:00:00.000Z,2021-03-09T00:00:00.000Z,184707
1126,2021-03-11T00:00:00.000Z,2021-03-10T00:00:00.000Z,178435
1127,2021-03-12T00:00:00.000Z,2021-03-11T00:00:00.000Z,188698
1128,2021-03-13T00:00:00.000Z,2021-03-12T00:00:00.000Z,210318
1129,2021-03-14T00:00:00.000Z,2021-03-13T00:00:00.000Z,282979
1130,2021-03-15T00:00:00.000Z,2021-03-14T00:00:00.000Z,199975
1131,2021-03-17T00:00:00.000Z,2021-03-16T00:00:00.000Z,190453
1132,2021-03-18T00:00:00.000Z,2021-03-17T00:00:00.000Z,239919
1133,2021-03-19T00:00:00.000Z,2021-03-18T00:00:00.000Z,225203
1134,2021-03-20T00:00:00.000Z,2021-03-19T00:00:00.000Z,219238
1135,2021-03-21T00:00:00.000Z,2021-03-20T00:00:00.000Z,174589
1136,2021-03-22T00:00:00.000Z,2021-03-21T00:00:00.000Z,160135
1137,2021-03-23T00:00:00.000Z,2021-03-22T00:00:00.000Z,192164
1138,2021-03-24T00:00:00.000Z,2021-03-23T00:00:00.000Z,175776
1139,2021-03-25T00:00:00.000Z,2021-03-24T00:00:00.000Z,388284
1140,2021-03-26T00:00:00.000Z,2021-03-25T00:00:00.000Z,264926
1141,2021-03-27T00:00:00.000Z,2021-03-26T00:00:00.000Z,208739
1142,2021-03-28T00:00:00.000Z,2021-03-27T00:00:00.000Z,178386
1143,2021-03-29T00:00:00.000Z,2021-03-28T00:00:00.000Z,160420
1144,2021-03-30T00:00:00.000Z,2021-03-29T00:00:00.000Z,203080
1145,2021-03-31T00:00:00.000Z,2021-03-30T00:00:00.000Z,221681
1146,2021-04-01T00:00:00.000Z,2021-03-31T00:00:00.000Z,260168
1147,2021-04-02T00:00:00.000Z,2021-04-01T00:00:00.000Z,223966
1148,2021-04-03T00:00:00.000Z,2021-04-02T00:00:00.000Z,162180
1149,2021-04-04T00:00:00.000Z,2021-04-03T00:00:00.000Z,141884
1150,2021-04-05T00:00:00.000Z,2021-04-04T00:00:00.000Z,156903
1151,2021-04-06T00:00:00.000Z,2021-04-05T00:00:00.000Z,193483
1152,2021-04-07T00:00:00.000Z,2021-04-06T00:00:00.000Z,198722
1153,2021-04-08T00:00:00.000Z,2021-04-07T00:00:00.000Z,205100
1154,2021-04-09T00:00:00.000Z,2021-04-08T00:00:00.000Z,206733
1155,2021-04-10T00:00:00.000Z,2021-04-09T00:00:00.000Z,190247
1156,2021-04-11T00:00:00.000Z,2021-04-10T00:00:00.000Z,211420
1157,2021-04-12T00:00:00.000Z,2021-04-11T00:00:00.000Z,205211
1158,2021-04-13T00:00:00.000Z,2021-04-12T00:00:00.000Z,222404
1159,2021-04-14T00:00:00.000Z,2021-04-13T00:00:00.000Z,288677
1160,2021-04-16T00:00:00.000Z,2021-04-15T00:00:00.000Z,267549
1161,2021-04-17T00:00:00.000Z,2021-04-16T00:00:00.000Z,241667
1162,2021-04-18T00:00:00.000Z,2021-04-17T00:00:00.000Z,188777
1163,2021-04-19T00:00:00.000Z,2021-04-18T00:00:00.000Z,297317
1164,2021-04-20T00:00:00.000Z,2021-04-19T00:00:00.000Z,222998
1165,2021-04-21T00:00:00.000Z,2021-04-20T00:00:00.000Z,207902
1166,2021-04-22T00:00:00.000Z,2021-04-21T00:00:00.000Z,206941
1167,2021-04-23T00:00:00.000Z,2021-04-22T00:00:00.000Z,251230
1168,2021-04-24T00:00:00.000Z,2021-04-23T00:00:00.000Z,288707
1169,2021-04-25T00:00:00.000Z,2021-04-24T00:00:00.000Z,198963
1170,2021-04-26T00:00:00.000Z,2021-04-25T00:00:00.000Z,196796
1171,2021-04-27T00:00:00.000Z,2021-04-26T00:00:00.000Z,269805
1172,2021-04-28T00:00:00.000Z,2021-04-27T00:00:00.000Z,259940
1173,2021-04-29T00:00:00.000Z,2021-04-28T00:00:00.000Z,218525
1174,2021-04-30T00:00:00.000Z,2021-04-29T00:00:00.000Z,208952
1175,2021-05-01T00:00:00.000Z,2021-04-30T00:00:00.000Z,216832
1176,2021-05-02T00:00:00.000Z,2021-05-01T00:00:00.000Z,197454
1177,2021-05-03T00:00:00.000Z,2021-05-02T00:00:00.000Z,176244
1178,2021-05-04T00:00:00.000Z,2021-05-03T00:00:00.000Z,189586
1179,2021-05-05T00:00:00.000Z,2021-05-04T00:00:00.000Z,190393
1180,2021-05-06T00:00:00.000Z,2021-05-05T00:00:00.000Z,222675
1181,2021-05-07T00:00:00.000Z,2021-05-06T00:00:00.000Z,247651
1182,2021-05-08T00:00:00.000Z,2021-05-07T00:00:00.000Z,281608
1183,2021-05-09T00:00:00.000Z,2021-05-08T00:00:00.000Z,210105
1184,2021-05-10T00:00:00.000Z,2021-05-09T00:00:00.000Z,174854
1185,2021-05-11T00:00:00.000Z,2021-05-10T00:00:00.000Z,208268
1186,2021-05-12T00:00:00.000Z,2021-05-11T00:00:00.000Z,191862
1187,2021-05-13T00:00:00.000Z,2021-05-12T00:00:00.000Z,285595
1188,2021-05-14T00:00:00.000Z,2021-05-13T00:00:00.000Z,646767
1189,2021-05-16T00:00:00.000Z,2021-05-15T00:00:00.000Z,221941
1190,2021-05-17T00:00:00.000Z,2021-05-16T00:00:00.000Z,356621
1191,2021-05-18T00:00:00.000Z,2021-05-17T00:00:00.000Z,423467
1192,2021-05-19T00:00:00.000Z,2021-05-18T00:00:00.000Z,294120
1193,2021-05-20T00:00:00.000Z,2021-05-19T00:00:00.000Z,691146
1194,2021-05-21T00:00:00.000Z,2021-05-20T00:00:00.000Z,410849
1195,2021-05-22T00:00:00.000Z,2021-05-21T00:00:00.000Z,421737
1196,2021-05-23T00:00:00.000Z,2021-05-22T00:00:00.000Z,369187
1197,2021-05-24T00:00:00.000Z,2021-05-23T00:00:00.000Z,335291
1198,2021-05-25T00:00:00.000Z,2021-05-24T00:00:00.000Z,386959
1199,2021-05-26T00:00:00.000Z,2021-05-25T00:00:00.000Z,310359
1200,2021-05-27T00:00:00.000Z,2021-05-26T00:00:00.000Z,271096
1201,2021-05-28T00:00:00.000Z,2021-05-27T00:00:00.000Z,260812
1202,2021-05-29T00:00:00.000Z,2021-05-28T00:00:00.000Z,298695
1203,2021-05-30T00:00:00.000Z,2021-05-29T00:00:00.000Z,221280
1204,2021-05-31T00:00:00.000Z,2021-05-30T00:00:00.000Z,226493
1205,2021-06-01T00:00:00.000Z,2021-05-31T00:00:00.000Z,235271
1206,2021-06-02T00:00:00.000Z,2021-06-01T00:00:00.000Z,244093
1207,2021-06-03T00:00:00.000Z,2021-06-02T00:00:00.000Z,231936
1208,2021-06-04T00:00:00.000Z,2021-06-03T00:00:00.000Z,219341
1209,2021-06-05T00:00:00.000Z,2021-06-04T00:00:00.000Z,378635
1210,2021-06-06T00:00:00.000Z,2021-06-05T00:00:00.000Z,397239
1211,2021-06-07T00:00:00.000Z,2021-06-06T00:00:00.000Z,465280
1212,2021-06-08T00:00:00.000Z,2021-06-07T00:00:00.000Z,454046
1213,2021-06-09T00:00:00.000Z,2021-06-08T00:00:00.000Z,413109
1214,2021-06-10T00:00:00.000Z,2021-06-09T00:00:00.000Z,636991
1215,2021-06-11T00:00:00.000Z,2021-06-10T00:00:00.000Z,513128
1216,2021-06-12T00:00:00.000Z,2021-06-11T00:00:00.000Z,366035
1217,2021-06-13T00:00:00.000Z,2021-06-12T00:00:00.000Z,286216
1218,2021-06-15T00:00:00.000Z,2021-06-14T00:00:00.000Z,351529
1219,2021-06-16T00:00:00.000Z,2021-06-15T00:00:00.000Z,279315
1220,2021-06-17T00:00:00.000Z,2021-06-16T00:00:00.000Z,272722
1221,2021-06-18T00:00:00.000Z,2021-06-17T00:00:00.000Z,304913
1222,2021-06-19T00:00:00.000Z,2021-06-18T00:00:00.000Z,279553
1223,2021-06-20T00:00:00.000Z,2021-06-19T00:00:00.000Z,276421
1224,2021-06-21T00:00:00.000Z,2021-06-20T00:00:00.000Z,253778
1225,2021-06-22T00:00:00.000Z,2021-06-21T00:00:00.000Z,333143
1226,2021-06-23T00:00:00.000Z,2021-06-22T00:00:00.000Z,348207
1227,2021-06-24T00:00:00.000Z,2021-06-23T00:00:00.000Z,289336
1228,2021-06-25T00:00:00.000Z,2021-06-24T00:00:00.000Z,259265
1229,2021-06-26T00:00:00.000Z,2021-06-25T00:00:00.000Z,349842
1230,2021-06-27T00:00:00.000Z,2021-06-26T00:00:00.000Z,243577
1231,2021-06-28T00:00:00.000Z,2021-06-27T00:00:00.000Z,243577
1232,2021-06-29T00:00:00.000Z,2021-06-28T00:00:00.000Z,319792
1233,2021-06-30T00:00:00.000Z,2021-06-29T00:00:00.000Z,279491
1234,2021-07-01T00:00:00.000Z,2021-06-30T00:00:00.000Z,248920
1235,2021-07-02T00:00:00.000Z,2021-07-01T00:00:00.000Z,242871
1236,2021-07-03T00:00:00.000Z,2021-07-02T00:00:00.000Z,228713
1237,2021-07-04T00:00:00.000Z,2021-07-03T00:00:00.000Z,215542
1238,2021-07-05T00:00:00.000Z,2021-07-04T00:00:00.000Z,189559
1239,2021-07-06T00:00:00.000Z,2021-07-05T00:00:00.000Z,230208
1240,2021-07-07T00:00:00.000Z,2021-07-06T00:00:00.000Z,241785
1241,2021-07-08T00:00:00.000Z,2021-07-07T00:00:00.000Z,299493
1242,2021-07-09T00:00:00.000Z,2021-07-08T00:00:00.000Z,271839
1243,2021-07-10T00:00:00.000Z,2021-07-09T00:00:00.000Z,257062
1244,2021-07-11T00:00:00.000Z,2021-07-10T00:00:00.000Z,203379
1245,2021-07-12T00:00:00.000Z,2021-07-11T00:00:00.000Z,217271
1246,2021-07-13T00:00:00.000Z,2021-07-12T00:00:00.000Z,266378
1247,2021-07-15T00:00:00.000Z,2021-07-14T00:00:00.000Z,251279
1248,2021-07-16T00:00:00.000Z,2021-07-15T00:00:00.000Z,248317
1249,2021-07-17T00:00:00.000Z,2021-07-16T00:00:00.000Z,218632
1250,2021-07-18T00:00:00.000Z,2021-07-17T00:00:00.000Z,181624
1251,2021-07-19T00:00:00.000Z,2021-07-18T00:00:00.000Z,214909
1252,2021-07-20T00:00:00.000Z,2021-07-19T00:00:00.000Z,226630
1253,2021-07-21T00:00:00.000Z,2021-07-20T00:00:00.000Z,243077
1254,2021-07-22T00:00:00.000Z,2021-07-21T00:00:00.000Z,336197
1255,2021-07-23T00:00:00.000Z,2021-07-22T00:00:00.000Z,285149
1256,2021-07-24T00:00:00.000Z,2021-07-23T00:00:00.000Z,236619
1257,2021-07-25T00:00:00.000Z,2021-07-24T00:00:00.000Z,229861
1258,2021-07-26T00:00:00.000Z,2021-07-25T00:00:00.000Z,218626
1259,2021-07-27T00:00:00.000Z,2021-07-26T00:00:00.000Z,358535
1260,2021-07-28T00:00:00.000Z,2021-07-27T00:00:00.000Z,285476
1261,2021-07-29T00:00:00.000Z,2021-07-28T00:00:00.000Z,301822
1262,2021-07-30T00:00:00.000Z,2021-07-29T00:00:00.000Z,258838
1263,2021-07-31T00:00:00.000Z,2021-07-30T00:00:00.000Z,244663
1264,2021-08-01T00:00:00.000Z,2021-07-31T00:00:00.000Z,251097
1265,2021-08-02T00:00:00.000Z,2021-08-01T00:00:00.000Z,248027
1266,2021-08-03T00:00:00.000Z,2021-08-02T00:00:00.000Z,273209
1267,2021-08-04T00:00:00.000Z,2021-08-03T00:00:00.000Z,273849
1268,2021-08-05T00:00:00.000Z,2021-08-04T00:00:00.000Z,287728
1269,2021-08-06T00:00:00.000Z,2021-08-05T00:00:00.000Z,289901
1270,2021-08-07T00:00:00.000Z,2021-08-06T00:00:00.000Z,256700
1271,2021-08-08T00:00:00.000Z,2021-08-07T00:00:00.000Z,236849
1272,2021-08-09T00:00:00.000Z,2021-08-08T00:00:00.000Z,234023
1273,2021-08-10T00:00:00.000Z,2021-08-09T00:00:00.000Z,284705
1274,2021-08-11T00:00:00.000Z,2021-08-10T00:00:00.000Z,289281
1275,2021-08-12T00:00:00.000Z,2021-08-11T00:00:00.000Z,293869
1276,2021-08-14T00:00:00.000Z,2021-08-13T00:00:00.000Z,277096
1277,2021-08-15T00:00:00.000Z,2021-08-14T00:00:00.000Z,246069
1278,2021-08-16T00:00:00.000Z,2021-08-15T00:00:00.000Z,234830
1279,2021-08-17T00:00:00.000Z,2021-08-16T00:00:00.000Z,237177
1280,2021-08-18T00:00:00.000Z,2021-08-17T00:00:00.000Z,245936
1281,2021-08-19T00:00:00.000Z,2021-08-18T00:00:00.000Z,278957
1282,2021-08-20T00:00:00.000Z,2021-08-19T00:00:00.000Z,273569
1283,2021-08-21T00:00:00.000Z,2021-08-20T00:00:00.000Z,293190
1284,2021-08-22T00:00:00.000Z,2021-08-21T00:00:00.000Z,232502
1285,2021-08-23T00:00:00.000Z,2021-08-22T00:00:00.000Z,247369
1286,2021-08-24T00:00:00.000Z,2021-08-23T00:00:00.000Z,370549
1287,2021-08-25T00:00:00.000Z,2021-08-24T00:00:00.000Z,327291
1288,2021-08-26T00:00:00.000Z,2021-08-25T00:00:00.000Z,286273
1289,2021-08-27T00:00:00.000Z,2021-08-26T00:00:00.000Z,299729
1290,2021-08-28T00:00:00.000Z,2021-08-27T00:00:00.000Z,318837
1291,2021-08-29T00:00:00.000Z,2021-08-28T00:00:00.000Z,275021
1292,2021-08-30T00:00:00.000Z,2021-08-29T00:00:00.000Z,321682
1293,2021-08-31T00:00:00.000Z,2021-08-30T00:00:00.000Z,305249
1294,2021-09-01T00:00:00.000Z,2021-08-31T00:00:00.000Z,296186
1295,2021-09-01T22:00:07.000Z,2021-09-01T00:00:00.000Z,287533
